,filename,game_type
0,users/notsquads/Madden NFL 19_20190312141556-frame1751-play.jpg,notsquads
1,users/notsquads/Madden NFL 19_20190212130011-frame1489-play.jpg,notsquads
2,users/notsquads/Madden NFL 19_20190305022739-frame1768-play.jpg,notsquads
3,users/notsquads/Madden NFL 19_20190305213840-frame1771-play.jpg,notsquads
4,users/notsquads/Madden NFL 19_20190312141622-frame664-play.jpg,notsquads
5,users/notsquads/Madden NFL 19_20190307195847-frame538-play.jpg,notsquads
6,users/notsquads/Madden NFL 19_20190312192628-frame1791-play.jpg,notsquads
7,users/notsquads/Madden NFL 19_20190303192049-frame501-play.jpg,notsquads
8,users/notsquads/Madden NFL 19_20190212134511-frame1781-play.jpg,notsquads
9,users/notsquads/Madden NFL 19_20190305122636-frame1740-play.jpg,notsquads
10,users/notsquads/Madden NFL 19_20190307201643-frame335-play.jpg,notsquads
11,users/notsquads/Madden NFL 19_20190303185859-frame1754-play.jpg,notsquads
12,users/notsquads/Madden NFL 19_20190305131117-frame1776-play.jpg,notsquads
13,users/notsquads/Madden NFL 19_20190307201423-frame563-play.jpg,notsquads
14,users/notsquads/Madden NFL 19_20190313104721-frame1766-play.jpg,notsquads
15,users/notsquads/Madden NFL 19_20190225004603-frame1771-play.jpg,notsquads
16,users/notsquads/Madden NFL 19_20190305154735-frame1786-play.jpg,notsquads
17,users/notsquads/Madden NFL 19_20190304171257-frame1787-play.jpg,notsquads
18,users/notsquads/Madden NFL 19_20190306202657-frame1779-play.jpg,notsquads
19,users/notsquads/Madden NFL 19_20190304222116-frame1754-play.jpg,notsquads
20,users/notsquads/Madden NFL 19_20190312181456-frame1781-play.jpg,notsquads
21,users/notsquads/Madden NFL 19_20190303185717-frame1742-play.jpg,notsquads
22,users/notsquads/Madden NFL 19_20190213145546-frame1531-play.jpg,notsquads
23,users/notsquads/Madden NFL 19_20190304161521-frame642-play.jpg,notsquads
24,users/notsquads/Madden NFL 19_20190305130223-frame1671-play.jpg,notsquads
25,users/notsquads/Madden NFL 19_20190312175407-frame1668-play.jpg,notsquads
26,users/notsquads/Madden NFL 19_20190305022150-frame1796-play.jpg,notsquads
27,users/notsquads/Madden NFL 19_20190312190046-frame1753-play.jpg,notsquads
28,users/notsquads/Madden NFL 19_20190305154216-frame1740-play.jpg,notsquads
29,users/notsquads/Madden NFL 19_20190305153542-frame1739-play.jpg,notsquads
30,users/notsquads/Madden NFL 19_20190305224159-frame1779-play.jpg,notsquads
31,users/notsquads/Madden NFL 19_20190313101802-frame1693-play.jpg,notsquads
32,users/notsquads/Madden NFL 19_20190312180616-frame1781-play.jpg,notsquads
33,users/notsquads/Madden NFL 19_20190312140156-frame1799-play.jpg,notsquads
34,users/notsquads/Madden NFL 19_20190305123648-frame1799-play.jpg,notsquads
35,users/notsquads/Madden NFL 19_20190303232416-frame1786-play.jpg,notsquads
36,users/notsquads/Madden NFL 19_20190304161456-frame1786-play.jpg,notsquads
37,users/notsquads/Madden NFL 19_20190212133257-frame1790-play.jpg,notsquads
38,users/notsquads/Madden NFL 19_20190307200247-frame445-play.jpg,notsquads
39,users/notsquads/Madden NFL 19_20190312184711-frame1217-play.jpg,notsquads
40,users/notsquads/Madden NFL 19_2019030322515-frame1766-play.jpg,notsquads
41,users/notsquads/Madden NFL 19_20190219185728-frame1781-play.jpg,notsquads
42,users/notsquads/Madden NFL 19_2019030620273-frame1006-play.jpg,notsquads
43,users/notsquads/Madden NFL 19_20190307204553-frame390-play.jpg,notsquads
44,users/notsquads/Madden NFL 19_20190312173616-frame582-play.jpg,notsquads
45,users/notsquads/Madden NFL 19_20190304170757-frame1795-play.jpg,notsquads
46,users/notsquads/Madden NFL 19_2019022500233-frame1760-play.jpg,notsquads
47,users/notsquads/Madden NFL 19_20190305223550-frame553-play.jpg,notsquads
48,users/notsquads/Madden NFL 19_20190304223955-frame1745-play.jpg,notsquads
49,users/notsquads/Madden NFL 19_20190312185711-frame1786-play.jpg,notsquads
50,users/notsquads/Madden NFL 19_20190305022628-frame1770-play.jpg,notsquads
51,users/notsquads/Madden NFL 19_20190305215730-frame1739-play.jpg,notsquads
52,users/notsquads/Madden NFL 19_20190303154137-frame1743-play.jpg,notsquads
53,users/notsquads/Madden NFL 19_20190304162208-frame1797-play.jpg,notsquads
54,users/notsquads/Madden NFL 19_20190303225819-frame1785-play.jpg,notsquads
55,users/notsquads/Madden NFL 19_20190306202453-frame1699-play.jpg,notsquads
56,users/notsquads/Madden NFL 19_20190313192832-frame1725-play.jpg,notsquads
57,users/notsquads/Madden NFL 19_20190301185817-frame1452-play.jpg,notsquads
58,users/notsquads/Madden NFL 19_20190304130746-frame1790-play.jpg,notsquads
59,users/notsquads/Madden NFL 19_20190305020853-frame1758-play.jpg,notsquads
60,users/notsquads/Madden NFL 19_20190312181715-frame1739-play.jpg,notsquads
61,users/notsquads/Madden NFL 19_2019022500431-frame1784-play.jpg,notsquads
62,users/notsquads/Madden NFL 19_20190303225026-frame1795-play.jpg,notsquads
63,users/notsquads/Madden NFL 19_20190313202516-frame1717-play.jpg,notsquads
64,users/notsquads/Madden NFL 19_20190313114349-frame1752-play.jpg,notsquads
65,users/notsquads/Madden NFL 19_20190313114100-frame204-play.jpg,notsquads
66,users/notsquads/Madden NFL 19_20190305020406-frame1727-play.jpg,notsquads
67,users/notsquads/Madden NFL 19_20190305215850-frame1795-play.jpg,notsquads
68,users/notsquads/Madden NFL 19_20190213150146-frame1728-play.jpg,notsquads
69,users/notsquads/Madden NFL 19_20190305193037-frame551-play.jpg,notsquads
70,users/notsquads/Madden NFL 19_20190313103000-frame1741-play.jpg,notsquads
71,users/notsquads/Madden NFL 19_20190313100906-frame1438-play.jpg,notsquads
72,users/notsquads/Madden NFL 19_20190313112515-frame1765-play.jpg,notsquads
73,users/notsquads/Madden NFL 19_20190305222742-frame1769-play.jpg,notsquads
74,users/notsquads/Madden NFL 19_20190313103442-frame1781-play.jpg,notsquads
75,users/notsquads/Madden NFL 19_20190303233643-frame1776-play.jpg,notsquads
76,users/notsquads/Madden NFL 19_20190305154040-frame1751-play.jpg,notsquads
77,users/notsquads/Madden NFL 19_20190312193455-frame1723-play.jpg,notsquads
78,users/notsquads/Madden NFL 19_20190305222340-frame1748-play.jpg,notsquads
79,users/notsquads/Madden NFL 19_20190214191621-frame1050-play.jpg,notsquads
80,users/notsquads/Madden NFL 19_20190313202112-frame1784-play.jpg,notsquads
81,users/notsquads/Madden NFL 19_2019031218085-frame1798-play.jpg,notsquads
82,users/notsquads/Madden NFL 19_2019030416521-frame1525-play.jpg,notsquads
83,users/notsquads/Madden NFL 19_20190305222209-frame1781-play.jpg,notsquads
84,users/notsquads/Madden NFL 19_20190312173728-frame1764-play.jpg,notsquads
85,users/notsquads/Madden NFL 19_20190312172238-frame449-play.jpg,notsquads
86,users/notsquads/Madden NFL 19_20190307200120-frame990-play.jpg,notsquads
87,users/notsquads/Madden NFL 19_20190305221507-frame1632-play.jpg,notsquads
88,users/notsquads/Madden NFL 19_20190306205142-frame563-play.jpg,notsquads
89,users/notsquads/Madden NFL 19_20190312172401-frame1754-play.jpg,notsquads
90,users/notsquads/Madden NFL 19_20190306201249-frame1756-play.jpg,notsquads
91,users/notsquads/Madden NFL 19_20190312143526-frame1782-play.jpg,notsquads
92,users/notsquads/Madden NFL 19_20190305131530-frame1759-play.jpg,notsquads
93,users/notsquads/Madden NFL 19_20190312172931-frame1786-play.jpg,notsquads
94,users/notsquads/Madden NFL 19_20190312190118-frame808-play.jpg,notsquads
95,users/notsquads/Madden NFL 19_20190223161146-frame1781-play.jpg,notsquads
96,users/notsquads/Madden NFL 19_20190315174740-frame1774-play.jpg,notsquads
97,users/notsquads/Madden NFL 19_20190213152548-frame1773-play.jpg,notsquads
98,users/notsquads/Madden NFL 19_20190313105942-frame1745-play.jpg,notsquads
99,users/notsquads/Madden NFL 19_20190304223456-frame1678-play.jpg,notsquads
100,users/notsquads/Madden NFL 19_20190312192741-frame1791-play.jpg,notsquads
101,users/notsquads/Madden NFL 19_20190214190805-frame1791-play.jpg,notsquads
102,users/notsquads/Madden NFL 19_20190303192203-frame1773-play.jpg,notsquads
103,users/notsquads/Madden NFL 19_20190303185559-frame1789-play.jpg,notsquads
104,users/notsquads/Madden NFL 19_20190306203329-frame1791-play.jpg,notsquads
105,users/notsquads/Madden NFL 19_20190314084648-frame467-play.jpg,notsquads
106,users/notsquads/Madden NFL 19_20190307201023-frame1786-play.jpg,notsquads
107,users/notsquads/Madden NFL 19_20190312180056-frame1772-play.jpg,notsquads
108,users/notsquads/Madden NFL 19_20190312193238-frame1790-play.jpg,notsquads
109,users/notsquads/Madden NFL 19_20190305222410-frame817-play.jpg,notsquads
110,users/notsquads/Madden NFL 19_20190307200040-frame1793-play.jpg,notsquads
111,users/notsquads/Madden NFL 19_20190214191543-frame1796-play.jpg,notsquads
112,users/notsquads/Madden NFL 19_20190304171412-frame1688-play.jpg,notsquads
113,users/notsquads/Madden NFL 19_20190305213422-frame1791-play.jpg,notsquads
114,users/notsquads/Madden NFL 19_20190312171307-frame1755-play.jpg,notsquads
115,users/notsquads/Madden NFL 19_20190214192233-frame1781-play.jpg,notsquads
116,users/notsquads/Madden NFL 19_20190304165251-frame952-play.jpg,notsquads
117,users/notsquads/Madden NFL 19_20190313194748-frame1734-play.jpg,notsquads
118,users/notsquads/Madden NFL 19_20190313193732-frame1800-play.jpg,notsquads
119,users/notsquads/Madden NFL 19_20190213151503-frame1717-play.jpg,notsquads
120,users/notsquads/Madden NFL 19_20190305123216-frame1769-play.jpg,notsquads
121,users/notsquads/Madden NFL 19_20190313194838-frame1254-play.jpg,notsquads
122,users/notsquads/Madden NFL 19_20190312120547-frame1799-play.jpg,notsquads
123,users/notsquads/Madden NFL 19_20190303225503-frame1774-play.jpg,notsquads
124,users/notsquads/Madden NFL 19_20190212153547-frame1772-play.jpg,notsquads
125,users/notsquads/Madden NFL 19_20190304170826-frame756-play.jpg,notsquads
126,users/notsquads/Madden NFL 19_20190304225019-frame1756-play.jpg,notsquads
127,users/notsquads/Madden NFL 19_20190216205511-frame1779-play.jpg,notsquads
128,users/notsquads/Madden NFL 19_20190303151938-frame1734-play.jpg,notsquads
129,users/notsquads/Madden NFL 19_20190306210137-frame1796-play.jpg,notsquads
130,users/notsquads/Madden NFL 19_20190305213650-frame1772-play.jpg,notsquads
131,users/notsquads/Madden NFL 19_20190303153843-frame1784-play.jpg,notsquads
132,users/notsquads/Madden NFL 19_20190304162611-frame1768-play.jpg,notsquads
133,users/notsquads/Madden NFL 19_20190305160207-frame1727-play.jpg,notsquads
134,users/squads/Madden NFL 19_20190216154517-frame1780-play.jpg,squads
135,users/squads/Madden NFL 19_20190218184321-frame1775-play.jpg,squads
136,users/squads/Madden NFL 19_20190308182133-frame1761-play.jpg,squads
137,users/squads/Madden NFL 19_20190219165503-frame1753-play.jpg,squads
138,users/squads/Madden NFL 19_20190215215449-frame1779-play.jpg,squads
139,users/squads/Madden NFL 19_20190302181742-frame1745-play.jpg,squads
140,users/squads/Madden NFL 19_20190216204858-frame1787-play.jpg,squads
141,users/squads/Madden NFL 19_20190215191940-frame1790-play.jpg,squads
142,users/squads/Madden NFL 19_20190309202549-frame1756-play.jpg,squads
143,users/squads/Madden NFL 19_20190223163141-frame1780-play.jpg,squads
144,users/squads/Madden NFL 19_20190219101016-frame332-play.jpg,squads
145,users/squads/Madden NFL 19_20190301185449-frame1799-play.jpg,squads
146,users/squads/Madden NFL 19_20190218195900-frame1791-play.jpg,squads
147,users/squads/Madden NFL 19_20190301191138-frame1727-play.jpg,squads
148,users/squads/Madden NFL 19_20190308185832-frame1778-play.jpg,squads
149,users/squads/Madden NFL 19_20190309213907-frame1763-play.jpg,squads
150,users/squads/Madden NFL 19_20190216211713-frame1795-play.jpg,squads
151,users/squads/Madden NFL 19_20190308183945-frame1766-play.jpg,squads
152,users/squads/Madden NFL 19_20190301205908-frame1800-play.jpg,squads
153,users/squads/Madden NFL 19_20190309203348-frame1742-play.jpg,squads
154,users/squads/Madden NFL 19_20190309203809-frame1786-play.jpg,squads
155,users/squads/Madden NFL 19_20190219190152-frame1767-play.jpg,squads
156,users/squads/Madden NFL 19_20190308184457-frame1797-play.jpg,squads
157,users/squads/Madden NFL 19_20190219163340-frame1772-play.jpg,squads
158,users/squads/Madden NFL 19_20190216150841-frame1680-play.jpg,squads
159,users/squads/Madden NFL 19_20190302173858-frame1444-play.jpg,squads
160,users/squads/Madden NFL 19_20190218193849-frame1793-play.jpg,squads
161,users/squads/Madden NFL 19_20190222162417-frame1711-play.jpg,squads
162,users/squads/Madden NFL 19_20190216175959-frame1388-play.jpg,squads
163,users/squads/Madden NFL 19_20190309162316-frame1769-play.jpg,squads
164,users/squads/Madden NFL 19_20190223161415-frame1783-play.jpg,squads
165,users/squads/Madden NFL 19_20190223164001-frame1744-play.jpg,squads
166,users/squads/Madden NFL 19_20190301183648-frame1545-play.jpg,squads
167,users/squads/Madden NFL 19_20190223164043-frame1081-play.jpg,squads
168,users/squads/Madden NFL 19_20190302180747-frame1790-play.jpg,squads
169,users/squads/Madden NFL 19_20190219192206-frame1760-play.jpg,squads
170,users/squads/Madden NFL 19_20190222191641-frame1468-play.jpg,squads
171,users/squads/Madden NFL 19_20190218200737-frame1797-play.jpg,squads
172,users/squads/Madden NFL 19_20190219175359-frame1782-play.jpg,squads
173,users/squads/Madden NFL 19_20190219191320-frame1693-play.jpg,squads
174,users/squads/Madden NFL 19_20190219100736-frame350-play.jpg,squads
175,users/squads/Madden NFL 19_20190309213252-frame1762-play.jpg,squads
176,users/squads/Madden NFL 19_20190219182927-frame1509-play.jpg,squads
177,users/squads/Madden NFL 19_20190219174257-frame1194-play.jpg,squads
178,users/squads/Madden NFL 19_20190222193123-frame1777-play.jpg,squads
179,users/squads/Madden NFL 19_20190309211832-frame1300-play.jpg,squads
180,users/squads/Madden NFL 19_20190219153928-frame1791-play.jpg,squads
181,users/squads/Madden NFL 19_201902221609-frame1773-play.jpg,squads
182,users/squads/Madden NFL 19_20190218163931-frame1782-play.jpg,squads
183,users/squads/Madden NFL 19_20190216194015-frame844-play.jpg,squads
184,users/squads/Madden NFL 19_20190223184132-frame1799-play.jpg,squads
185,users/squads/Madden NFL 19_20190301183957-frame1797-play.jpg,squads
186,users/squads/Madden NFL 19_20190218182753-frame1766-play.jpg,squads
187,users/squads/Madden NFL 19_20190219194315-frame1785-play.jpg,squads
188,users/squads/Madden NFL 19_20190223191158-frame921-play.jpg,squads
189,users/squads/Madden NFL 19_20190215215947-frame1744-play.jpg,squads
190,users/squads/Madden NFL 19_20190218185637-frame1739-play.jpg,squads
191,users/squads/Madden NFL 19_20190308180617-frame1784-play.jpg,squads
192,users/squads/Madden NFL 19_20190215203318-frame1787-play.jpg,squads
193,users/squads/Madden NFL 19_20190223161435-frame524-play.jpg,squads
194,users/squads/Madden NFL 19_20190218183433-frame1799-play.jpg,squads
195,users/squads/Madden NFL 19_20190222190310-frame1761-play.jpg,squads
196,users/squads/Madden NFL 19_20190301213637-frame1775-play.jpg,squads
197,users/squads/Madden NFL 19_20190222174551-frame1771-play.jpg,squads
198,users/squads/Madden NFL 19_20190308181219-frame1772-play.jpg,squads
199,users/squads/Madden NFL 19_20190219171303-frame1790-play.jpg,squads
200,users/squads/Madden NFL 19_20190219181505-frame1739-play.jpg,squads
201,users/squads/Madden NFL 19_20190216195218-frame1758-play.jpg,squads
202,users/squads/Madden NFL 19_20190215193303-frame1773-play.jpg,squads
203,users/squads/Madden NFL 19_20190301185653-frame1795-play.jpg,squads
204,users/squads/Madden NFL 19_20190219100307-frame299-play.jpg,squads
205,users/squads/Madden NFL 19_2019021819523-frame1792-play.jpg,squads
206,users/squads/Madden NFL 19_2019022617492-frame1786-play.jpg,squads
207,users/squads/Madden NFL 19_20190309163157-frame795-play.jpg,squads
208,users/squads/Madden NFL 19_20190309160622-frame1782-play.jpg,squads
209,users/squads/Madden NFL 19_20190219195041-frame1791-play.jpg,squads
210,users/squads/Madden NFL 19_20190215212333-frame1794-play.jpg,squads
211,users/squads/Madden NFL 19_20190215180706-frame1792-play.jpg,squads
212,users/squads/Madden NFL 19_20190218190615-frame1771-play.jpg,squads
213,users/squads/Madden NFL 19_20190219095935-frame449-play.jpg,squads
214,users/squads/Madden NFL 19_20190216181608-frame1752-play.jpg,squads
215,users/squads/Madden NFL 19_20190223164442-frame1744-play.jpg,squads
216,users/squads/Madden NFL 19_20190218172723-frame1782-play.jpg,squads
217,users/squads/Madden NFL 19_20190215214920-frame1784-play.jpg,squads
218,users/squads/Madden NFL 19_20190223191122-frame1632-play.jpg,squads
219,users/squads/Madden NFL 19_20190216205117-frame1783-play.jpg,squads
220,users/squads/Madden NFL 19_20190219162417-frame1798-play.jpg,squads
221,users/squads/Madden NFL 19_20190219100847-frame359-play.jpg,squads
222,users/squads/Madden NFL 19_20190226201732-frame1792-play.jpg,squads
223,users/squads/Madden NFL 19_20190308192417-frame1775-play.jpg,squads
224,users/squads/Madden NFL 19_20190302180059-frame1771-play.jpg,squads
225,users/squads/Madden NFL 19_20190308194416-frame1729-play.jpg,squads
226,users/squads/Madden NFL 19_2019021520292-frame1770-play.jpg,squads
227,users/squads/Madden NFL 19_20190219162716-frame1701-play.jpg,squads
228,users/squads/Madden NFL 19_20190302164006-frame1536-play.jpg,squads
229,users/squads/Madden NFL 19_20190309144628-frame1797-play.jpg,squads
230,users/squads/Madden NFL 19_20190216211410-frame1781-play.jpg,squads
231,users/squads/Madden NFL 19_20190219182831-frame1774-play.jpg,squads
232,users/squads/Madden NFL 19_20190216144756-frame1775-play.jpg,squads
233,users/squads/Madden NFL 19_20190218163715-frame1778-play.jpg,squads
234,users/squads/Madden NFL 19_20190219160626-frame1739-play.jpg,squads
235,users/squads/Madden NFL 19_20190219163447-frame1787-play.jpg,squads
236,users/squads/Madden NFL 19_2019021817253-frame1772-play.jpg,squads
237,users/squads/Madden NFL 19_20190309180647-frame1723-play.jpg,squads
238,users/squads/Madden NFL 19_20190301190826-frame1778-play.jpg,squads
239,users/squads/Madden NFL 19_20190309202928-frame1773-play.jpg,squads
240,users/squads/Madden NFL 19_20190215220348-frame1690-play.jpg,squads
241,users/squads/Madden NFL 19_20190223185205-frame555-play.jpg,squads
242,users/squads/Madden NFL 19_20190216144046-frame1760-play.jpg,squads
243,users/squads/Madden NFL 19_20190302163233-frame1746-play.jpg,squads
244,users/squads/Madden NFL 19_20190224132122-frame329-play.jpg,squads
245,users/squads/Madden NFL 19_20190218190033-frame1772-play.jpg,squads
246,users/squads/Madden NFL 19_20190308173727-frame1778-play.jpg,squads
247,users/squads/Madden NFL 19_20190223164627-frame1720-play.jpg,squads
248,users/squads/Madden NFL 19_20190302162135-frame1747-play.jpg,squads
249,users/squads/Madden NFL 19_20190302200040-frame1772-play.jpg,squads
250,users/squads/Madden NFL 19_20190218194627-frame1778-play.jpg,squads
251,users/squads/Madden NFL 19_2019021520410-frame1754-play.jpg,squads
252,users/squads/Madden NFL 19_20190219162935-frame1782-play.jpg,squads
253,users/squads/Madden NFL 19_20190309173750-frame1793-play.jpg,squads
254,users/squads/Madden NFL 19_20190308183359-frame1779-play.jpg,squads
255,users/squads/Madden NFL 19_20190219161132-frame1797-play.jpg,squads
256,users/squads/Madden NFL 19_20190215205820-frame1699-play.jpg,squads
257,users/squads/Madden NFL 19_2019021519371-frame1765-play.jpg,squads
258,users/squads/Madden NFL 19_20190222191550-frame1716-play.jpg,squads
259,users/squads/Madden NFL 19_20190216182747-frame1771-play.jpg,squads
260,users/squads/Madden NFL 19_2019021916301-frame1078-play.jpg,squads
261,users/squads/Madden NFL 19_20190215193046-frame1399-play.jpg,squads
262,users/squads/Madden NFL 19_20190216182851-frame1781-play.jpg,squads
263,users/squads/Madden NFL 19_20190219155959-frame1774-play.jpg,squads
264,users/squads/Madden NFL 19_20190215205521-frame1798-play.jpg,squads
265,users/squads/Madden NFL 19_20190308182312-frame1765-play.jpg,squads
266,users/squads/Madden NFL 19_20190219095432-frame419-play.jpg,squads
267,users/squads/Madden NFL 19_20190216143659-frame1792-play.jpg,squads
268,users/squads/Madden NFL 19_20190309160410-frame1751-play.jpg,squads
269,users/squads/Madden NFL 19_20190309161536-frame1783-play.jpg,squads
270,users/squads/Madden NFL 19_20190309163102-frame1628-play.jpg,squads
271,users/squads/Madden NFL 19_20190216213123-frame1784-play.jpg,squads
272,users/squads/Madden NFL 19_20190218193309-frame1764-play.jpg,squads
273,users/squads/Madden NFL 19_20190302181912-frame1786-play.jpg,squads
274,users/squads/Madden NFL 19_20190224132003-frame269-play.jpg,squads
275,users/squads/Madden NFL 19_20190219170150-frame1722-play.jpg,squads
276,users/squads/Madden NFL 19_20190302175425-frame1791-play.jpg,squads
277,users/squads/Madden NFL 19_20190215192956-frame1719-play.jpg,squads
278,users/squads/Madden NFL 19_20190216212711-frame1786-play.jpg,squads
279,users/squads/Madden NFL 19_20190302200637-frame1794-play.jpg,squads
280,users/squads/Madden NFL 19_20190218193149-frame1707-play.jpg,squads
281,users/squads/Madden NFL 19_201902221746-frame1460-play.jpg,squads
282,users/squads/Madden NFL 19_20190309163336-frame1768-play.jpg,squads
283,users/squads/Madden NFL 19_2019021521333-frame1460-play.jpg,squads
284,users/squads/Madden NFL 19_20190219184940-frame1769-play.jpg,squads
285,users/squads/Madden NFL 19_20190219100535-frame329-play.jpg,squads
286,users/squads/Madden NFL 19_20190302163911-frame1791-play.jpg,squads
287,users/squads/Madden NFL 19_20190309165648-frame1780-play.jpg,squads
288,users/squads/Madden NFL 19_20190223191639-frame1779-play.jpg,squads
289,users/squads/Madden NFL 19_201902191920-frame1731-play.jpg,squads
290,users/squads/Madden NFL 19_20190216153911-frame1799-play.jpg,squads
291,users/squads/Madden NFL 19_20190216191956-frame1751-play.jpg,squads
292,users/squads/Madden NFL 19_20190302193939-frame1703-play.jpg,squads
293,users/squads/Madden NFL 19_20190308194445-frame659-play.jpg,squads
294,users/squads/Madden NFL 19_20190219172447-frame1774-play.jpg,squads
295,users/squads/Madden NFL 19_20190219095328-frame420-play.jpg,squads
296,users/squads/Madden NFL 19_20190216202657-frame1797-play.jpg,squads
297,users/squads/Madden NFL 19_20190309164556-frame1715-play.jpg,squads
298,users/squads/Madden NFL 19_20190218172757-frame908-play.jpg,squads
299,users/squads/Madden NFL 19_20190218164306-frame1703-play.jpg,squads
300,users/squads/Madden NFL 19_20190219181215-frame1800-play.jpg,squads
301,users/squads/Madden NFL 19_20190309174145-frame1756-play.jpg,squads
302,users/squads/Madden NFL 19_20190219182538-frame1788-play.jpg,squads
303,users/squads/Madden NFL 19_20190308173448-frame1793-play.jpg,squads
304,users/squads/Madden NFL 19_2019021521301-frame1723-play.jpg,squads
305,users/squads/Madden NFL 19_20190219193050-frame1778-play.jpg,squads
306,users/squads/Madden NFL 19_20190222173516-frame1649-play.jpg,squads
307,users/squads/Madden NFL 19_201902191011-frame342-play.jpg,squads
308,users/squads/Madden NFL 19_20190301205533-frame1744-play.jpg,squads
309,users/squads/Madden NFL 19_20190309161205-frame1683-play.jpg,squads
310,users/squads/Madden NFL 19_20190215191213-frame1782-play.jpg,squads
311,users/squads/Madden NFL 19_20190219180836-frame873-play.jpg,squads
312,users/squads/Madden NFL 19_20190215203615-frame1387-play.jpg,squads
313,users/squads/Madden NFL 19_20190301192902-frame1730-play.jpg,squads
314,users/squads/Madden NFL 19_20190301193223-frame1765-play.jpg,squads
315,users/squads/Madden NFL 19_20190302164335-frame1797-play.jpg,squads
316,users/squads/Madden NFL 19_20190308194945-frame1647-play.jpg,squads
317,users/squads/Madden NFL 19_20190301185143-frame1151-play.jpg,squads
318,users/squads/Madden NFL 19_20190219184436-frame1789-play.jpg,squads
319,users/squads/Madden NFL 19_20190309203508-frame1771-play.jpg,squads
320,users/squads/Madden NFL 19_20190223170405-frame1776-play.jpg,squads
321,users/squads/Madden NFL 19_20190215213039-frame696-play.jpg,squads
322,users/squads/Madden NFL 19_20190309164015-frame1715-play.jpg,squads
323,users/squads/Madden NFL 19_20190222193241-frame1768-play.jpg,squads
324,users/squads/Madden NFL 19_20190301203756-frame1694-play.jpg,squads
325,users/squads/Madden NFL 19_20190218191728-frame1783-play.jpg,squads
326,users/squads/Madden NFL 19_20190215203526-frame1778-play.jpg,squads
327,users/squads/Madden NFL 19_20190302164405-frame806-play.jpg,squads
328,users/squads/Madden NFL 19_20190219174212-frame1758-play.jpg,squads
329,users/squads/Madden NFL 19_20190308172911-frame1790-play.jpg,squads
330,users/squads/Madden NFL 19_20190301203230-frame1757-play.jpg,squads
331,users/squads/Madden NFL 19_20190215200918-frame1643-play.jpg,squads
332,users/squads/Madden NFL 19_20190215212643-frame1796-play.jpg,squads
333,users/squads/Madden NFL 19_20190309200048-frame1756-play.jpg,squads
334,users/squads/Madden NFL 19_20190219222215-frame329-play.jpg,squads
335,users/squads/Madden NFL 19_20190222180138-frame1789-play.jpg,squads
336,users/squads/Madden NFL 19_20190302173307-frame1713-play.jpg,squads
337,users/squads/Madden NFL 19_2019022216105-frame1794-play.jpg,squads
338,users/squads/Madden NFL 19_20190223165756-frame1761-play.jpg,squads
339,users/squads/Madden NFL 19_20190218165553-frame1797-play.jpg,squads
340,users/squads/Madden NFL 19_20190309163505-frame1776-play.jpg,squads
341,users/squads/Madden NFL 19_20190219164620-frame1773-play.jpg,squads
342,users/squads/Madden NFL 19_20190301185725-frame815-play.jpg,squads
343,users/squads/Madden NFL 19_2019030817325-frame1780-play.jpg,squads
344,users/squads/Madden NFL 19_20190216200958-frame1783-play.jpg,squads
345,users/squads/Madden NFL 19_20190218195503-frame1790-play.jpg,squads
346,users/squads/Madden NFL 19_20190218185845-frame1784-play.jpg,squads
347,users/squads/Madden NFL 19_20190215193601-frame1715-play.jpg,squads
348,users/squads/Madden NFL 19_20190216184420-frame1751-play.jpg,squads
349,users/squads/Madden NFL 19_20190309143918-frame1791-play.jpg,squads
350,users/squads/Madden NFL 19_20190215192721-frame1710-play.jpg,squads
351,users/squads/Madden NFL 19_20190219095743-frame442-play.jpg,squads
352,users/squads/Madden NFL 19_20190219160908-frame1796-play.jpg,squads
353,users/squads/Madden NFL 19_20190219165718-frame1753-play.jpg,squads
354,users/squads/Madden NFL 19_20190219173802-frame1633-play.jpg,squads
355,users/squads/Madden NFL 19_20190309200800-frame1782-play.jpg,squads
356,users/squads/Madden NFL 19_20190301212339-frame1765-play.jpg,squads
357,users/squads/Madden NFL 19_20190222162633-frame1763-play.jpg,squads
358,users/squads/Madden NFL 19_20190218183549-frame1776-play.jpg,squads
359,users/squads/Madden NFL 19_20190220085552-frame345-play.jpg,squads
360,users/squads/Madden NFL 19_20190219165927-frame1773-play.jpg,squads
361,users/squads/Madden NFL 19_20190309161745-frame1790-play.jpg,squads
362,users/squads/Madden NFL 19_20190302182643-frame1737-play.jpg,squads
363,users/squads/Madden NFL 19_20190215213243-frame1792-play.jpg,squads
364,users/squads/Madden NFL 19_20190216175908-frame1778-play.jpg,squads
365,users/squads/Madden NFL 19_20190216183106-frame1771-play.jpg,squads
366,users/squads/Madden NFL 19_20190301185100-frame1783-play.jpg,squads
367,users/squads/Madden NFL 19_20190216180135-frame1712-play.jpg,squads
368,users/squads/Madden NFL 19_20190222205120-frame1764-play.jpg,squads
369,users/squads/Madden NFL 19_20190215212142-frame1774-play.jpg,squads
370,users/squads/Madden NFL 19_20190302174257-frame1758-play.jpg,squads
371,users/squads/Madden NFL 19_20190218174647-frame1711-play.jpg,squads
372,users/squads/Madden NFL 19_20190309145405-frame1711-play.jpg,squads
373,users/squads/Madden NFL 19_20190218175646-frame1723-play.jpg,squads
374,users/squads/Madden NFL 19_20190219180803-frame1719-play.jpg,squads
375,users/squads/Madden NFL 19_2019021615351-frame1783-play.jpg,squads
376,users/squads/Madden NFL 19_20190219172700-frame1791-play.jpg,squads
377,users/squads/Madden NFL 19_2019022218275-frame1750-play.jpg,squads
378,users/squads/Madden NFL 19_20190223185521-frame1760-play.jpg,squads
379,users/squads/Madden NFL 19_20190215203756-frame1700-play.jpg,squads
380,users/squads/Madden NFL 19_20190216184258-frame1788-play.jpg,squads
381,users/squads/Madden NFL 19_20190308180230-frame1594-play.jpg,squads
382,users/squads/Madden NFL 19_20190219182611-frame804-play.jpg,squads
383,users/squads/Madden NFL 19_2019022318461-frame1609-play.jpg,squads
384,users/squads/Madden NFL 19_20190215222451-frame1775-play.jpg,squads
385,users/squads/Madden NFL 19_20190309204318-frame1785-play.jpg,squads
386,users/squads/Madden NFL 19_2019021819151-frame1603-play.jpg,squads
387,users/squads/Madden NFL 19_20190215203950-frame1784-play.jpg,squads
388,users/squads/Madden NFL 19_20190223185142-frame1770-play.jpg,squads
389,users/squads/Madden NFL 19_20190219162615-frame1778-play.jpg,squads
390,users/squads/Madden NFL 19_201903091457-frame1631-play.jpg,squads
391,users/squads/Madden NFL 19_20190219155102-frame1785-play.jpg,squads
392,users/squads/Madden NFL 19_20190215212540-frame1784-play.jpg,squads
393,users/squads/Madden NFL 19_20190219171800-frame1792-play.jpg,squads
394,users/squads/Madden NFL 19_20190219180407-frame1790-play.jpg,squads
395,users/squads/Madden NFL 19_20190308174345-frame1799-play.jpg,squads
396,users/squads/Madden NFL 19_2019022219132-frame1669-play.jpg,squads
397,users/squads/Madden NFL 19_20190216143438-frame1777-play.jpg,squads
398,users/squads/Madden NFL 19_2019030916550-frame1795-play.jpg,squads
399,users/squads/Madden NFL 19_20190302174456-frame1782-play.jpg,squads
