,filename,type,side
0,saved_plays/right/pass/Madden NFL 19_20190315180355-frame992-play.jpg,pass,right
1,saved_plays/right/pass/Madden NFL 19_20190216154517-frame1780-play.jpg,pass,right
2,saved_plays/right/pass/Madden NFL 19_20190403171436-frame1743-play.jpg,pass,right
3,saved_plays/right/pass/Madden NFL 19_20190308182133-frame1761-play.jpg,pass,right
4,saved_plays/right/pass/Madden NFL 19_20190501192458-frame1755-play.jpg,pass,right
5,saved_plays/right/pass/Madden NFL 19_2019032320195-frame1781-play.jpg,pass,right
6,saved_plays/right/pass/Madden NFL 19_20190427192700-frame1752-play.jpg,pass,right
7,saved_plays/right/pass/Madden NFL 19_20190312141622-frame664-play.jpg,pass,right
8,saved_plays/right/pass/Madden NFL 19_20190419222425-frame1768-play.jpg,pass,right
9,saved_plays/right/pass/Madden NFL 19_20190223163141-frame1780-play.jpg,pass,right
10,saved_plays/right/pass/Madden NFL 19_20190406190055-frame1787-play.jpg,pass,right
11,saved_plays/right/pass/Madden NFL 19_20190330183835-frame1756-play.jpg,pass,right
12,saved_plays/right/pass/Madden NFL 19_20190414191545-frame1785-play.jpg,pass,right
13,saved_plays/right/pass/Madden NFL 19_20190403123833-frame1746-play.jpg,pass,right
14,saved_plays/right/pass/Madden NFL 19_20190308185832-frame1778-play.jpg,pass,right
15,saved_plays/right/pass/Madden NFL 19_20190309213907-frame1763-play.jpg,pass,right
16,saved_plays/right/pass/Madden NFL 19_20190301205908-frame1800-play.jpg,pass,right
17,saved_plays/right/pass/Madden NFL 19_20190309203348-frame1742-play.jpg,pass,right
18,saved_plays/right/pass/Madden NFL 19_20190309203809-frame1786-play.jpg,pass,right
19,saved_plays/right/pass/Madden NFL 19_20190219163340-frame1772-play.jpg,pass,right
20,saved_plays/right/pass/Madden NFL 19_20190216150841-frame1680-play.jpg,pass,right
21,saved_plays/right/pass/Madden NFL 19_20190403000619-frame1788-play.jpg,pass,right
22,saved_plays/right/pass/Madden NFL 19_20190319163615-frame1773-play.jpg,pass,right
23,saved_plays/right/pass/Madden NFL 19_20190413001319-frame1754-play.jpg,pass,right
24,saved_plays/right/pass/Madden NFL 19_20190416190135-frame1799-play.jpg,pass,right
25,saved_plays/right/pass/Madden NFL 19_20190322214550-frame1773-play.jpg,pass,right
26,saved_plays/right/pass/Madden NFL 19_20190222162417-frame1711-play.jpg,pass,right
27,saved_plays/right/pass/Madden NFL 19_20190309162316-frame1769-play.jpg,pass,right
28,saved_plays/right/pass/Madden NFL 19_20190416222857-frame1686-play.jpg,pass,right
29,saved_plays/right/pass/Madden NFL 19_20190324230811-frame1795-play.jpg,pass,right
30,saved_plays/right/pass/Madden NFL 19_20190420180423-frame1696-play.jpg,pass,right
31,saved_plays/right/pass/Madden NFL 19_20190322214915-frame1800-play.jpg,pass,right
32,saved_plays/right/pass/Madden NFL 19_20190222191641-frame1468-play.jpg,pass,right
33,saved_plays/right/pass/Madden NFL 19_20190404124348-frame1775-play.jpg,pass,right
34,saved_plays/right/pass/Madden NFL 19_20190420181719-frame591-play.jpg,pass,right
35,saved_plays/right/pass/Madden NFL 19_20190427235213-frame1797-play.jpg,pass,right
36,saved_plays/right/pass/Madden NFL 19_20190225004603-frame1771-play.jpg,pass,right
37,saved_plays/right/pass/Madden NFL 19_20190425182623-frame1677-play.jpg,pass,right
38,saved_plays/right/pass/Madden NFL 19_2019031618185-frame1773-play.jpg,pass,right
39,saved_plays/right/pass/Madden NFL 19_2019032317512-frame1573-play.jpg,pass,right
40,saved_plays/right/pass/Madden NFL 19_20190219191320-frame1693-play.jpg,pass,right
41,saved_plays/right/pass/Madden NFL 19_2019042018211-frame1774-play.jpg,pass,right
42,saved_plays/right/pass/Madden NFL 19_20190316205348-frame1777-play.jpg,pass,right
43,saved_plays/right/pass/Madden NFL 19_20190304171257-frame1787-play.jpg,pass,right
44,saved_plays/right/pass/Madden NFL 19_20190306202657-frame1779-play.jpg,pass,right
45,saved_plays/right/pass/Madden NFL 19_20190222193123-frame1777-play.jpg,pass,right
46,saved_plays/right/pass/Madden NFL 19_20190420182218-frame1652-play.jpg,pass,right
47,saved_plays/right/pass/Madden NFL 19_20190420181418-frame1775-play.jpg,pass,right
48,saved_plays/right/pass/Madden NFL 19_20190316184212-frame1782-play.jpg,pass,right
49,saved_plays/right/pass/Madden NFL 19_20190218163931-frame1782-play.jpg,pass,right
50,saved_plays/right/pass/Madden NFL 19_20190406190257-frame1779-play.jpg,pass,right
51,saved_plays/right/pass/Madden NFL 19_20190430150328-frame668-play.jpg,pass,right
52,saved_plays/right/pass/Madden NFL 19_20190411195949-frame1663-play.jpg,pass,right
53,saved_plays/right/pass/Madden NFL 19_20190304222116-frame1754-play.jpg,pass,right
54,saved_plays/right/pass/Madden NFL 19_20190312181456-frame1781-play.jpg,pass,right
55,saved_plays/right/pass/Madden NFL 19_20190518215118-frame1770-play.jpg,pass,right
56,saved_plays/right/pass/Madden NFL 19_20190315185245-frame1772-play.jpg,pass,right
57,saved_plays/right/pass/Madden NFL 19_20190213145546-frame1531-play.jpg,pass,right
58,saved_plays/right/pass/Madden NFL 19_2019041612201-frame1778-play.jpg,pass,right
59,saved_plays/right/pass/Madden NFL 19_20190304161521-frame642-play.jpg,pass,right
60,saved_plays/right/pass/Madden NFL 19_2019031620585-frame1791-play.jpg,pass,right
61,saved_plays/right/pass/Madden NFL 19_2019041612283-frame1782-play.jpg,pass,right
62,saved_plays/right/pass/Madden NFL 19_20190313101802-frame1693-play.jpg,pass,right
63,saved_plays/right/pass/Madden NFL 19_2019032222013-frame1784-play.jpg,pass,right
64,saved_plays/right/pass/Madden NFL 19_20190312140156-frame1799-play.jpg,pass,right
65,saved_plays/right/pass/Madden NFL 19_20190308181219-frame1772-play.jpg,pass,right
66,saved_plays/right/pass/Madden NFL 19_20190216195218-frame1758-play.jpg,pass,right
67,saved_plays/right/pass/Madden NFL 19_20190511205613-frame653-play.jpg,pass,right
68,saved_plays/right/pass/Madden NFL 19_20190511205541-frame1773-play.jpg,pass,right
69,saved_plays/right/pass/Madden NFL 19_20190411185558-frame1760-play.jpg,pass,right
70,saved_plays/right/pass/Madden NFL 19_20190504211342-frame1708-play.jpg,pass,right
71,saved_plays/right/pass/Madden NFL 19_20190326225329-frame1766-play.jpg,pass,right
72,saved_plays/right/pass/Madden NFL 19_20190327124153-frame1747-play.jpg,pass,right
73,saved_plays/right/pass/Madden NFL 19_20190212133257-frame1790-play.jpg,pass,right
74,saved_plays/right/pass/Madden NFL 19_20190312184711-frame1217-play.jpg,pass,right
75,saved_plays/right/pass/Madden NFL 19_20190419214316-frame1777-play.jpg,pass,right
76,saved_plays/right/pass/Madden NFL 19_20190511204223-frame887-play.jpg,pass,right
77,saved_plays/right/pass/Madden NFL 19_20190411231553-frame1792-play.jpg,pass,right
78,saved_plays/right/pass/Madden NFL 19_20190427150626-frame1771-play.jpg,pass,right
79,saved_plays/right/pass/Madden NFL 19_20190309160622-frame1782-play.jpg,pass,right
80,saved_plays/right/pass/Madden NFL 19_20190404123321-frame1709-play.jpg,pass,right
81,saved_plays/right/pass/Madden NFL 19_20190329203625-frame1722-play.jpg,pass,right
82,saved_plays/right/pass/Madden NFL 19_20190315175956-frame1714-play.jpg,pass,right
83,saved_plays/right/pass/Madden NFL 19_2019042815265-frame1695-play.jpg,pass,right
84,saved_plays/right/pass/Madden NFL 19_20190316190406-frame1789-play.jpg,pass,right
85,saved_plays/right/pass/Madden NFL 19_20190420180606-frame1796-play.jpg,pass,right
86,saved_plays/right/pass/Madden NFL 19_20190316204707-frame1789-play.jpg,pass,right
87,saved_plays/right/pass/Madden NFL 19_20190329203807-frame1791-play.jpg,pass,right
88,saved_plays/right/pass/Madden NFL 19_20190405195842-frame1769-play.jpg,pass,right
89,saved_plays/right/pass/Madden NFL 19_20190319162302-frame1768-play.jpg,pass,right
90,saved_plays/right/pass/Madden NFL 19_20190304170757-frame1795-play.jpg,pass,right
91,saved_plays/right/pass/Madden NFL 19_20190411195033-frame1792-play.jpg,pass,right
92,saved_plays/right/pass/Madden NFL 19_20190215214920-frame1784-play.jpg,pass,right
93,saved_plays/right/pass/Madden NFL 19_2019042218201-frame1776-play.jpg,pass,right
94,saved_plays/right/pass/Madden NFL 19_20190304223955-frame1745-play.jpg,pass,right
95,saved_plays/right/pass/Madden NFL 19_20190305022628-frame1770-play.jpg,pass,right
96,saved_plays/right/pass/Madden NFL 19_20190304162208-frame1797-play.jpg,pass,right
97,saved_plays/right/pass/Madden NFL 19_20190330183353-frame1796-play.jpg,pass,right
98,saved_plays/right/pass/Madden NFL 19_20190306202453-frame1699-play.jpg,pass,right
99,saved_plays/right/pass/Madden NFL 19_2019032722420-frame379-play.jpg,pass,right
100,saved_plays/right/pass/Madden NFL 19_20190419183821-frame1745-play.jpg,pass,right
101,saved_plays/right/pass/Madden NFL 19_20190302164006-frame1536-play.jpg,pass,right
102,saved_plays/right/pass/Madden NFL 19_20190404202027-frame1786-play.jpg,pass,right
103,saved_plays/right/pass/Madden NFL 19_20190309144628-frame1797-play.jpg,pass,right
104,saved_plays/right/pass/Madden NFL 19_20190424160318-frame1796-play.jpg,pass,right
105,saved_plays/right/pass/Madden NFL 19_20190219182831-frame1774-play.jpg,pass,right
106,saved_plays/right/pass/Madden NFL 19_20190413001557-frame1763-play.jpg,pass,right
107,saved_plays/right/pass/Madden NFL 19_20190319172715-frame1760-play.jpg,pass,right
108,saved_plays/right/pass/Madden NFL 19_20190305020853-frame1758-play.jpg,pass,right
109,saved_plays/right/pass/Madden NFL 19_20190326225417-frame1176-play.jpg,pass,right
110,saved_plays/right/pass/Madden NFL 19_20190312181715-frame1739-play.jpg,pass,right
111,saved_plays/right/pass/Madden NFL 19_20190218163715-frame1778-play.jpg,pass,right
112,saved_plays/right/pass/Madden NFL 19_20190511234436-frame1763-play.jpg,pass,right
113,saved_plays/right/pass/Madden NFL 19_20190402192538-frame1727-play.jpg,pass,right
114,saved_plays/right/pass/Madden NFL 19_20190219163447-frame1787-play.jpg,pass,right
115,saved_plays/right/pass/Madden NFL 19_2019022500431-frame1784-play.jpg,pass,right
116,saved_plays/right/pass/Madden NFL 19_20190424232609-frame1748-play.jpg,pass,right
117,saved_plays/right/pass/Madden NFL 19_20190309180647-frame1723-play.jpg,pass,right
118,saved_plays/right/pass/Madden NFL 19_20190422175958-frame1775-play.jpg,pass,right
119,saved_plays/right/pass/Madden NFL 19_20190309202928-frame1773-play.jpg,pass,right
120,saved_plays/right/pass/Madden NFL 19_20190504211147-frame1795-play.jpg,pass,right
121,saved_plays/right/pass/Madden NFL 19_20190215220348-frame1690-play.jpg,pass,right
122,saved_plays/right/pass/Madden NFL 19_20190405230149-frame1769-play.jpg,pass,right
123,saved_plays/right/pass/Madden NFL 19_2019041918200-frame1711-play.jpg,pass,right
124,saved_plays/right/pass/Madden NFL 19_20190411194537-frame1777-play.jpg,pass,right
125,saved_plays/right/pass/Madden NFL 19_20190322220957-frame1774-play.jpg,pass,right
126,saved_plays/right/pass/Madden NFL 19_20190313202516-frame1717-play.jpg,pass,right
127,saved_plays/right/pass/Madden NFL 19_20190406221629-frame1783-play.jpg,pass,right
128,saved_plays/right/pass/Madden NFL 19_20190430182141-frame439-play.jpg,pass,right
129,saved_plays/right/pass/Madden NFL 19_20190324225449-frame1785-play.jpg,pass,right
130,saved_plays/right/pass/Madden NFL 19_20190511171300-frame1780-play.jpg,pass,right
131,saved_plays/right/pass/Madden NFL 19_20190411182840-frame1792-play.jpg,pass,right
132,saved_plays/right/pass/Madden NFL 19_20190430150137-frame1788-play.jpg,pass,right
133,saved_plays/right/pass/Madden NFL 19_20190330181800-frame1579-play.jpg,pass,right
134,saved_plays/right/pass/Madden NFL 19_20190323173719-frame1776-play.jpg,pass,right
135,saved_plays/right/pass/Madden NFL 19_201905112041-frame1789-play.jpg,pass,right
136,saved_plays/right/pass/Madden NFL 19_20190219162935-frame1782-play.jpg,pass,right
137,saved_plays/right/pass/Madden NFL 19_20190416122237-frame1776-play.jpg,pass,right
138,saved_plays/right/pass/Madden NFL 19_20190308183359-frame1779-play.jpg,pass,right
139,saved_plays/right/pass/Madden NFL 19_20190215205820-frame1699-play.jpg,pass,right
140,saved_plays/right/pass/Madden NFL 19_20190430182913-frame1770-play.jpg,pass,right
141,saved_plays/right/pass/Madden NFL 19_20190213150146-frame1728-play.jpg,pass,right
142,saved_plays/right/pass/Madden NFL 19_20190222191550-frame1716-play.jpg,pass,right
143,saved_plays/right/pass/Madden NFL 19_20190424153625-frame1770-play.jpg,pass,right
144,saved_plays/right/pass/Madden NFL 19_20190313103000-frame1741-play.jpg,pass,right
145,saved_plays/right/pass/Madden NFL 19_2019032121552-frame1795-play.jpg,pass,right
146,saved_plays/right/pass/Madden NFL 19_20190313100906-frame1438-play.jpg,pass,right
147,saved_plays/right/pass/Madden NFL 19_20190424153749-frame1131-play.jpg,pass,right
148,saved_plays/right/pass/Madden NFL 19_20190313112515-frame1765-play.jpg,pass,right
149,saved_plays/right/pass/Madden NFL 19_20190315193920-frame1759-play.jpg,pass,right
150,saved_plays/right/pass/Madden NFL 19_20190405232746-frame1647-play.jpg,pass,right
151,saved_plays/right/pass/Madden NFL 19_20190518214916-frame1796-play.jpg,pass,right
152,saved_plays/right/pass/Madden NFL 19_20190215205521-frame1798-play.jpg,pass,right
153,saved_plays/right/pass/Madden NFL 19_20190309160410-frame1751-play.jpg,pass,right
154,saved_plays/right/pass/Madden NFL 19_20190419214810-frame1781-play.jpg,pass,right
155,saved_plays/right/pass/Madden NFL 19_20190329204246-frame1766-play.jpg,pass,right
156,saved_plays/right/pass/Madden NFL 19_20190313103442-frame1781-play.jpg,pass,right
157,saved_plays/right/pass/Madden NFL 19_20190501171439-frame1713-play.jpg,pass,right
158,saved_plays/right/pass/Madden NFL 19_20190418011449-frame1780-play.jpg,pass,right
159,saved_plays/right/pass/Madden NFL 19_20190303233643-frame1776-play.jpg,pass,right
160,saved_plays/right/pass/Madden NFL 19_20190406184406-frame1673-play.jpg,pass,right
161,saved_plays/right/pass/Madden NFL 19_20190319164515-frame1788-play.jpg,pass,right
162,saved_plays/right/pass/Madden NFL 19_20190511231403-frame1773-play.jpg,pass,right
163,saved_plays/right/pass/Madden NFL 19_2019040522590-frame1759-play.jpg,pass,right
164,saved_plays/right/pass/Madden NFL 19_20190323162309-frame1789-play.jpg,pass,right
165,saved_plays/right/pass/Madden NFL 19_20190219170150-frame1722-play.jpg,pass,right
166,saved_plays/right/pass/Madden NFL 19_20190313202112-frame1784-play.jpg,pass,right
167,saved_plays/right/pass/Madden NFL 19_20190416222536-frame1772-play.jpg,pass,right
168,saved_plays/right/pass/Madden NFL 19_20190321194111-frame1619-play.jpg,pass,right
169,saved_plays/right/pass/Madden NFL 19_20190315173456-frame1579-play.jpg,pass,right
170,saved_plays/right/pass/Madden NFL 19_2019031218085-frame1798-play.jpg,pass,right
171,saved_plays/right/pass/Madden NFL 19_20190427143205-frame1792-play.jpg,pass,right
172,saved_plays/right/pass/Madden NFL 19_2019030416521-frame1525-play.jpg,pass,right
173,saved_plays/right/pass/Madden NFL 19_20190430121727-frame1779-play.jpg,pass,right
174,saved_plays/right/pass/Madden NFL 19_20190511231908-frame1777-play.jpg,pass,right
175,saved_plays/right/pass/Madden NFL 19_20190402194946-frame1756-play.jpg,pass,right
176,saved_plays/right/pass/Madden NFL 19_20190302163911-frame1791-play.jpg,pass,right
177,saved_plays/right/pass/Madden NFL 19_201902191920-frame1731-play.jpg,pass,right
178,saved_plays/right/pass/Madden NFL 19_20190327225510-frame349-play.jpg,pass,right
179,saved_plays/right/pass/Madden NFL 19_20190322213530-frame1791-play.jpg,pass,right
180,saved_plays/right/pass/Madden NFL 19_20190511171440-frame1790-play.jpg,pass,right
181,saved_plays/right/pass/Madden NFL 19_20190425181900-frame1709-play.jpg,pass,right
182,saved_plays/right/pass/Madden NFL 19_20190427191229-frame1781-play.jpg,pass,right
183,saved_plays/right/pass/Madden NFL 19_20190419180300-frame1685-play.jpg,pass,right
184,saved_plays/right/pass/Madden NFL 19_20190316205553-frame1793-play.jpg,pass,right
185,saved_plays/right/pass/Madden NFL 19_20190427173131-frame1783-play.jpg,pass,right
186,saved_plays/right/pass/Madden NFL 19_20190411194300-frame1774-play.jpg,pass,right
187,saved_plays/right/pass/Madden NFL 19_20190411190015-frame1788-play.jpg,pass,right
188,saved_plays/right/pass/Madden NFL 19_20190309174145-frame1756-play.jpg,pass,right
189,saved_plays/right/pass/Madden NFL 19_20190312173728-frame1764-play.jpg,pass,right
190,saved_plays/right/pass/Madden NFL 19_20190319175756-frame1760-play.jpg,pass,right
191,saved_plays/right/pass/Madden NFL 19_20190219182538-frame1788-play.jpg,pass,right
192,saved_plays/right/pass/Madden NFL 19_20190312172238-frame449-play.jpg,pass,right
193,saved_plays/right/pass/Madden NFL 19_20190501191048-frame1732-play.jpg,pass,right
194,saved_plays/right/pass/Madden NFL 19_20190319165908-frame1776-play.jpg,pass,right
195,saved_plays/right/pass/Madden NFL 19_20190416121317-frame1391-play.jpg,pass,right
196,saved_plays/right/pass/Madden NFL 19_20190427232742-frame1604-play.jpg,pass,right
197,saved_plays/right/pass/Madden NFL 19_20190301205533-frame1744-play.jpg,pass,right
198,saved_plays/right/pass/Madden NFL 19_20190309161205-frame1683-play.jpg,pass,right
199,saved_plays/right/pass/Madden NFL 19_20190330180312-frame1789-play.jpg,pass,right
200,saved_plays/right/pass/Madden NFL 19_20190301192902-frame1730-play.jpg,pass,right
201,saved_plays/right/pass/Madden NFL 19_20190420180753-frame1777-play.jpg,pass,right
202,saved_plays/right/pass/Madden NFL 19_20190322215202-frame1791-play.jpg,pass,right
203,saved_plays/right/pass/Madden NFL 19_20190302164335-frame1797-play.jpg,pass,right
204,saved_plays/right/pass/Madden NFL 19_20190416190727-frame1715-play.jpg,pass,right
205,saved_plays/right/pass/Madden NFL 19_20190420210238-frame1798-play.jpg,pass,right
206,saved_plays/right/pass/Madden NFL 19_20190309203508-frame1771-play.jpg,pass,right
207,saved_plays/right/pass/Madden NFL 19_2019043012531-frame1779-play.jpg,pass,right
208,saved_plays/right/pass/Madden NFL 19_20190323215005-frame1727-play.jpg,pass,right
209,saved_plays/right/pass/Madden NFL 19_20190319173117-frame1697-play.jpg,pass,right
210,saved_plays/right/pass/Madden NFL 19_20190312172401-frame1754-play.jpg,pass,right
211,saved_plays/right/pass/Madden NFL 19_20190319120852-frame1734-play.jpg,pass,right
212,saved_plays/right/pass/Madden NFL 19_20190504205933-frame1790-play.jpg,pass,right
213,saved_plays/right/pass/Madden NFL 19_20190416120627-frame1775-play.jpg,pass,right
214,saved_plays/right/pass/Madden NFL 19_20190411231823-frame722-play.jpg,pass,right
215,saved_plays/right/pass/Madden NFL 19_20190222193241-frame1768-play.jpg,pass,right
216,saved_plays/right/pass/Madden NFL 19_20190427233856-frame1711-play.jpg,pass,right
217,saved_plays/right/pass/Madden NFL 19_20190312172931-frame1786-play.jpg,pass,right
218,saved_plays/right/pass/Madden NFL 19_20190301203756-frame1694-play.jpg,pass,right
219,saved_plays/right/pass/Madden NFL 19_20190427145335-frame895-play.jpg,pass,right
220,saved_plays/right/pass/Madden NFL 19_2019051822442-frame1772-play.jpg,pass,right
221,saved_plays/right/pass/Madden NFL 19_20190422182500-frame1725-play.jpg,pass,right
222,saved_plays/right/pass/Madden NFL 19_20190330183513-frame1751-play.jpg,pass,right
223,saved_plays/right/pass/Madden NFL 19_20190420180821-frame642-play.jpg,pass,right
224,saved_plays/right/pass/Madden NFL 19_20190330185038-frame1781-play.jpg,pass,right
225,saved_plays/right/pass/Madden NFL 19_20190315174740-frame1774-play.jpg,pass,right
226,saved_plays/right/pass/Madden NFL 19_20190422181021-frame1771-play.jpg,pass,right
227,saved_plays/right/pass/Madden NFL 19_20190313105942-frame1745-play.jpg,pass,right
228,saved_plays/right/pass/Madden NFL 19_20190427141709-frame1762-play.jpg,pass,right
229,saved_plays/right/pass/Madden NFL 19_20190321194325-frame1793-play.jpg,pass,right
230,saved_plays/right/pass/Madden NFL 19_20190425183518-frame1766-play.jpg,pass,right
231,saved_plays/right/pass/Madden NFL 19_20190315180646-frame1786-play.jpg,pass,right
232,saved_plays/right/pass/Madden NFL 19_20190316204255-frame1785-play.jpg,pass,right
233,saved_plays/right/pass/Madden NFL 19_20190304223456-frame1678-play.jpg,pass,right
234,saved_plays/right/pass/Madden NFL 19_20190326225543-frame1763-play.jpg,pass,right
235,saved_plays/right/pass/Madden NFL 19_20190327114637-frame1576-play.jpg,pass,right
236,saved_plays/right/pass/Madden NFL 19_2019022216105-frame1794-play.jpg,pass,right
237,saved_plays/right/pass/Madden NFL 19_20190314084648-frame467-play.jpg,pass,right
238,saved_plays/right/pass/Madden NFL 19_20190312180056-frame1772-play.jpg,pass,right
239,saved_plays/right/pass/Madden NFL 19_20190321192026-frame1790-play.jpg,pass,right
240,saved_plays/right/pass/Madden NFL 19_20190316185120-frame1792-play.jpg,pass,right
241,saved_plays/right/pass/Madden NFL 19_20190416123015-frame1783-play.jpg,pass,right
242,saved_plays/right/pass/Madden NFL 19_2019040420245-frame1792-play.jpg,pass,right
243,saved_plays/right/pass/Madden NFL 19_20190419214441-frame1756-play.jpg,pass,right
244,saved_plays/right/pass/Madden NFL 19_2019041622330-frame1775-play.jpg,pass,right
245,saved_plays/right/pass/Madden NFL 19_20190414191857-frame1655-play.jpg,pass,right
246,saved_plays/right/pass/Madden NFL 19_20190216184420-frame1751-play.jpg,pass,right
247,saved_plays/right/pass/Madden NFL 19_20190309143918-frame1791-play.jpg,pass,right
248,saved_plays/right/pass/Madden NFL 19_20190304171412-frame1688-play.jpg,pass,right
249,saved_plays/right/pass/Madden NFL 19_20190419214128-frame1691-play.jpg,pass,right
250,saved_plays/right/pass/Madden NFL 19_20190219165718-frame1753-play.jpg,pass,right
251,saved_plays/right/pass/Madden NFL 19_20190305213422-frame1791-play.jpg,pass,right
252,saved_plays/right/pass/Madden NFL 19_20190309200800-frame1782-play.jpg,pass,right
253,saved_plays/right/pass/Madden NFL 19_20190312171307-frame1755-play.jpg,pass,right
254,saved_plays/right/pass/Madden NFL 19_20190428153959-frame1799-play.jpg,pass,right
255,saved_plays/right/pass/Madden NFL 19_20190427144903-frame1715-play.jpg,pass,right
256,saved_plays/right/pass/Madden NFL 19_2019031917135-frame1715-play.jpg,pass,right
257,saved_plays/right/pass/Madden NFL 19_20190518193117-frame1776-play.jpg,pass,right
258,saved_plays/right/pass/Madden NFL 19_20190304165251-frame952-play.jpg,pass,right
259,saved_plays/right/pass/Madden NFL 19_20190427171315-frame1419-play.jpg,pass,right
260,saved_plays/right/pass/Madden NFL 19_20190313194748-frame1734-play.jpg,pass,right
261,saved_plays/right/pass/Madden NFL 19_20190313193732-frame1800-play.jpg,pass,right
262,saved_plays/right/pass/Madden NFL 19_20190216180135-frame1712-play.jpg,pass,right
263,saved_plays/right/pass/Madden NFL 19_201904272330-frame1787-play.jpg,pass,right
264,saved_plays/right/pass/Madden NFL 19_20190329204028-frame1769-play.jpg,pass,right
265,saved_plays/right/pass/Madden NFL 19_20190518220308-frame1781-play.jpg,pass,right
266,saved_plays/right/pass/Madden NFL 19_20190218174647-frame1711-play.jpg,pass,right
267,saved_plays/right/pass/Madden NFL 19_20190218175646-frame1723-play.jpg,pass,right
268,saved_plays/right/pass/Madden NFL 19_20190420183007-frame1772-play.jpg,pass,right
269,saved_plays/right/pass/Madden NFL 19_20190403081045-frame1783-play.jpg,pass,right
270,saved_plays/right/pass/Madden NFL 19_20190414191402-frame1716-play.jpg,pass,right
271,saved_plays/right/pass/Madden NFL 19_20190323174535-frame1761-play.jpg,pass,right
272,saved_plays/right/pass/Madden NFL 19_20190501191326-frame1778-play.jpg,pass,right
273,saved_plays/right/pass/Madden NFL 19_2019031519351-frame1757-play.jpg,pass,right
274,saved_plays/right/pass/Madden NFL 19_2019050117313-frame843-play.jpg,pass,right
275,saved_plays/right/pass/Madden NFL 19_20190425183106-frame1777-play.jpg,pass,right
276,saved_plays/right/pass/Madden NFL 19_20190304170826-frame756-play.jpg,pass,right
277,saved_plays/right/pass/Madden NFL 19_20190309204318-frame1785-play.jpg,pass,right
278,saved_plays/right/pass/Madden NFL 19_20190418010629-frame1769-play.jpg,pass,right
279,saved_plays/right/pass/Madden NFL 19_20190430150258-frame1746-play.jpg,pass,right
280,saved_plays/right/pass/Madden NFL 19_20190427141452-frame1749-play.jpg,pass,right
281,saved_plays/right/pass/Madden NFL 19_20190219162615-frame1778-play.jpg,pass,right
282,saved_plays/right/pass/Madden NFL 19_201903091457-frame1631-play.jpg,pass,right
283,saved_plays/right/pass/Madden NFL 19_20190316183911-frame1776-play.jpg,pass,right
284,saved_plays/right/pass/Madden NFL 19_20190419222455-frame632-play.jpg,pass,right
285,saved_plays/right/pass/Madden NFL 19_201903162041-frame1798-play.jpg,pass,right
286,saved_plays/right/pass/Madden NFL 19_20190306210137-frame1796-play.jpg,pass,right
287,saved_plays/right/pass/Madden NFL 19_20190319161620-frame1783-play.jpg,pass,right
288,saved_plays/right/pass/Madden NFL 19_20190518230352-frame1784-play.jpg,pass,right
289,saved_plays/right/pass/Madden NFL 19_20190308174345-frame1799-play.jpg,pass,right
290,saved_plays/right/pass/Madden NFL 19_201904031313-frame1764-play.jpg,pass,right
291,saved_plays/right/pass/Madden NFL 19_20190304162611-frame1768-play.jpg,pass,right
292,saved_plays/right/pass/Madden NFL 19_20190419182040-frame853-play.jpg,pass,right
293,saved_plays/right/pass/Madden NFL 19_20190330184229-frame1739-play.jpg,pass,right
294,saved_plays/right/pass/Madden NFL 19_20190512174848-frame1755-play.jpg,pass,right
295,saved_plays/right/pass/Madden NFL 19_2019022219132-frame1669-play.jpg,pass,right
296,saved_plays/right/pass/Madden NFL 19_20190216143438-frame1777-play.jpg,pass,right
297,saved_plays/right/pass/Madden NFL 19_20190428153520-frame1710-play.jpg,pass,right
298,saved_plays/right/pass/Madden NFL 19_20190419222003-frame1783-play.jpg,pass,right
299,saved_plays/right/pass/Madden NFL 19_20190319174919-frame1788-play.jpg,pass,right
300,saved_plays/right/run/Madden NFL 19_201903161842-frame735-play.jpg,run,right
301,saved_plays/right/run/Madden NFL 19_20190219165503-frame1753-play.jpg,run,right
302,saved_plays/right/run/Madden NFL 19_20190305213840-frame1771-play.jpg,run,right
303,saved_plays/right/run/Madden NFL 19_20190309202549-frame1756-play.jpg,run,right
304,saved_plays/right/run/Madden NFL 19_20190301191138-frame1727-play.jpg,run,right
305,saved_plays/right/run/Madden NFL 19_20190425181152-frame1711-play.jpg,run,right
306,saved_plays/right/run/Madden NFL 19_2019051117132-frame435-play.jpg,run,right
307,saved_plays/right/run/Madden NFL 19_20190316203939-frame1768-play.jpg,run,right
308,saved_plays/right/run/Madden NFL 19_20190326231030-frame1794-play.jpg,run,right
309,saved_plays/right/run/Madden NFL 19_20190406185645-frame1779-play.jpg,run,right
310,saved_plays/right/run/Madden NFL 19_20190219190152-frame1767-play.jpg,run,right
311,saved_plays/right/run/Madden NFL 19_20190511171528-frame1164-play.jpg,run,right
312,saved_plays/right/run/Madden NFL 19_20190212134511-frame1781-play.jpg,run,right
313,saved_plays/right/run/Madden NFL 19_20190402173907-frame1777-play.jpg,run,right
314,saved_plays/right/run/Madden NFL 19_20190427145255-frame1796-play.jpg,run,right
315,saved_plays/right/run/Madden NFL 19_20190504210326-frame1653-play.jpg,run,right
316,saved_plays/right/run/Madden NFL 19_20190219192206-frame1760-play.jpg,run,right
317,saved_plays/right/run/Madden NFL 19_20190316210049-frame1649-play.jpg,run,right
318,saved_plays/right/run/Madden NFL 19_20190316190436-frame674-play.jpg,run,right
319,saved_plays/right/run/Madden NFL 19_20190315173240-frame1775-play.jpg,run,right
320,saved_plays/right/run/Madden NFL 19_20190406220348-frame1711-play.jpg,run,right
321,saved_plays/right/run/Madden NFL 19_20190327224022-frame1543-play.jpg,run,right
322,saved_plays/right/run/Madden NFL 19_20190219182927-frame1509-play.jpg,run,right
323,saved_plays/right/run/Madden NFL 19_20190316184413-frame1800-play.jpg,run,right
324,saved_plays/right/run/Madden NFL 19_201902221609-frame1773-play.jpg,run,right
325,saved_plays/right/run/Madden NFL 19_20190216194015-frame844-play.jpg,run,right
326,saved_plays/right/run/Madden NFL 19_20190223184132-frame1799-play.jpg,run,right
327,saved_plays/right/run/Madden NFL 19_20190305022150-frame1796-play.jpg,run,right
328,saved_plays/right/run/Madden NFL 19_20190215215947-frame1744-play.jpg,run,right
329,saved_plays/right/run/Madden NFL 19_20190305153542-frame1739-play.jpg,run,right
330,saved_plays/right/run/Madden NFL 19_20190301213637-frame1775-play.jpg,run,right
331,saved_plays/right/run/Madden NFL 19_20190304161456-frame1786-play.jpg,run,right
332,saved_plays/right/run/Madden NFL 19_20190414190515-frame1773-play.jpg,run,right
333,saved_plays/right/run/Madden NFL 19_20190422182057-frame994-play.jpg,run,right
334,saved_plays/right/run/Madden NFL 19_20190322215310-frame1778-play.jpg,run,right
335,saved_plays/right/run/Madden NFL 19_2019032711500-frame1733-play.jpg,run,right
336,saved_plays/right/run/Madden NFL 19_2019030620273-frame1006-play.jpg,run,right
337,saved_plays/right/run/Madden NFL 19_20190508182607-frame1785-play.jpg,run,right
338,saved_plays/right/run/Madden NFL 19_20190312173616-frame582-play.jpg,run,right
339,saved_plays/right/run/Madden NFL 19_2019022500233-frame1760-play.jpg,run,right
340,saved_plays/right/run/Madden NFL 19_20190216181608-frame1752-play.jpg,run,right
341,saved_plays/right/run/Madden NFL 19_20190504195741-frame1046-play.jpg,run,right
342,saved_plays/right/run/Madden NFL 19_20190427141321-frame1777-play.jpg,run,right
343,saved_plays/right/run/Madden NFL 19_20190305215730-frame1739-play.jpg,run,right
344,saved_plays/right/run/Madden NFL 19_20190518192339-frame1786-play.jpg,run,right
345,saved_plays/right/run/Madden NFL 19_20190419214512-frame671-play.jpg,run,right
346,saved_plays/right/run/Madden NFL 19_20190219162716-frame1701-play.jpg,run,right
347,saved_plays/right/run/Madden NFL 19_20190313192832-frame1725-play.jpg,run,right
348,saved_plays/right/run/Madden NFL 19_20190323174050-frame1750-play.jpg,run,right
349,saved_plays/right/run/Madden NFL 19_20190216144756-frame1775-play.jpg,run,right
350,saved_plays/right/run/Madden NFL 19_20190518215410-frame1724-play.jpg,run,right
351,saved_plays/right/run/Madden NFL 19_2019031917501-frame1416-play.jpg,run,right
352,saved_plays/right/run/Madden NFL 19_20190425184125-frame1758-play.jpg,run,right
353,saved_plays/right/run/Madden NFL 19_20190416190302-frame1783-play.jpg,run,right
354,saved_plays/right/run/Madden NFL 19_20190511171043-frame1524-play.jpg,run,right
355,saved_plays/right/run/Madden NFL 19_20190224132122-frame329-play.jpg,run,right
356,saved_plays/right/run/Madden NFL 19_20190427170810-frame1656-play.jpg,run,right
357,saved_plays/right/run/Madden NFL 19_20190419222811-frame1676-play.jpg,run,right
358,saved_plays/right/run/Madden NFL 19_20190302162135-frame1747-play.jpg,run,right
359,saved_plays/right/run/Madden NFL 19_20190518214246-frame1783-play.jpg,run,right
360,saved_plays/right/run/Madden NFL 19_20190309173750-frame1793-play.jpg,run,right
361,saved_plays/right/run/Madden NFL 19_20190330175448-frame1608-play.jpg,run,right
362,saved_plays/right/run/Madden NFL 19_20190216182747-frame1771-play.jpg,run,right
363,saved_plays/right/run/Madden NFL 19_2019021916301-frame1078-play.jpg,run,right
364,saved_plays/right/run/Madden NFL 19_20190411185343-frame1529-play.jpg,run,right
365,saved_plays/right/run/Madden NFL 19_20190216182851-frame1781-play.jpg,run,right
366,saved_plays/right/run/Madden NFL 19_20190518224820-frame1730-play.jpg,run,right
367,saved_plays/right/run/Madden NFL 19_20190315175645-frame1706-play.jpg,run,right
368,saved_plays/right/run/Madden NFL 19_20190420190311-frame1727-play.jpg,run,right
369,saved_plays/right/run/Madden NFL 19_20190419220947-frame1770-play.jpg,run,right
370,saved_plays/right/run/Madden NFL 19_20190427232809-frame499-play.jpg,run,right
371,saved_plays/right/run/Madden NFL 19_20190216153911-frame1799-play.jpg,run,right
372,saved_plays/right/run/Madden NFL 19_20190216191956-frame1751-play.jpg,run,right
373,saved_plays/right/run/Madden NFL 19_20190319114925-frame1786-play.jpg,run,right
374,saved_plays/right/run/Madden NFL 19_20190427173907-frame1654-play.jpg,run,right
375,saved_plays/right/run/Madden NFL 19_20190518224912-frame1225-play.jpg,run,right
376,saved_plays/right/run/Madden NFL 19_20190518220340-frame600-play.jpg,run,right
377,saved_plays/right/run/Madden NFL 19_20190425182235-frame1793-play.jpg,run,right
378,saved_plays/right/run/Madden NFL 19_20190404123351-frame626-play.jpg,run,right
379,saved_plays/right/run/Madden NFL 19_20190316185518-frame1771-play.jpg,run,right
380,saved_plays/right/run/Madden NFL 19_20190511171908-frame1771-play.jpg,run,right
381,saved_plays/right/run/Madden NFL 19_20190306205142-frame563-play.jpg,run,right
382,saved_plays/right/run/Madden NFL 19_20190219184436-frame1789-play.jpg,run,right
383,saved_plays/right/run/Madden NFL 19_20190428153549-frame589-play.jpg,run,right
384,saved_plays/right/run/Madden NFL 19_201905112312-frame475-play.jpg,run,right
385,saved_plays/right/run/Madden NFL 19_20190327224937-frame1794-play.jpg,run,right
386,saved_plays/right/run/Madden NFL 19_20190419221705-frame1795-play.jpg,run,right
387,saved_plays/right/run/Madden NFL 19_20190306201249-frame1756-play.jpg,run,right
388,saved_plays/right/run/Madden NFL 19_20190406221109-frame1784-play.jpg,run,right
389,saved_plays/right/run/Madden NFL 19_20190302164405-frame806-play.jpg,run,right
390,saved_plays/right/run/Madden NFL 19_20190420205831-frame1770-play.jpg,run,right
391,saved_plays/right/run/Madden NFL 19_20190321192642-frame1797-play.jpg,run,right
392,saved_plays/right/run/Madden NFL 19_20190309200048-frame1756-play.jpg,run,right
393,saved_plays/right/run/Madden NFL 19_20190419180429-frame1781-play.jpg,run,right
394,saved_plays/right/run/Madden NFL 19_20190518231530-frame1762-play.jpg,run,right
395,saved_plays/right/run/Madden NFL 19_20190420205205-frame1779-play.jpg,run,right
396,saved_plays/right/run/Madden NFL 19_20190218165553-frame1797-play.jpg,run,right
397,saved_plays/right/run/Madden NFL 19_20190423154906-frame1774-play.jpg,run,right
398,saved_plays/right/run/Madden NFL 19_20190504201441-frame1779-play.jpg,run,right
399,saved_plays/right/run/Madden NFL 19_20190315173857-frame1778-play.jpg,run,right
400,saved_plays/right/run/Madden NFL 19_2019032317392-frame1779-play.jpg,run,right
401,saved_plays/right/run/Madden NFL 19_20190301212339-frame1765-play.jpg,run,right
402,saved_plays/right/run/Madden NFL 19_20190219165927-frame1773-play.jpg,run,right
403,saved_plays/right/run/Madden NFL 19_20190309161745-frame1790-play.jpg,run,right
404,saved_plays/right/run/Madden NFL 19_20190216175908-frame1778-play.jpg,run,right
405,saved_plays/right/run/Madden NFL 19_20190216183106-frame1771-play.jpg,run,right
406,saved_plays/right/run/Madden NFL 19_20190323162425-frame1783-play.jpg,run,right
407,saved_plays/right/run/Madden NFL 19_20190427144935-frame619-play.jpg,run,right
408,saved_plays/right/run/Madden NFL 19_20190309145405-frame1711-play.jpg,run,right
409,saved_plays/right/run/Madden NFL 19_20190414192055-frame1745-play.jpg,run,right
410,saved_plays/right/run/Madden NFL 19_2019021615351-frame1783-play.jpg,run,right
411,saved_plays/right/run/Madden NFL 19_201904021649-frame1668-play.jpg,run,right
412,saved_plays/right/run/Madden NFL 19_20190313194838-frame1254-play.jpg,run,right
413,saved_plays/right/run/Madden NFL 19_2019031911531-frame1785-play.jpg,run,right
414,saved_plays/right/run/Madden NFL 19_2019022218275-frame1750-play.jpg,run,right
415,saved_plays/right/run/Madden NFL 19_20190414183021-frame1793-play.jpg,run,right
416,saved_plays/right/run/Madden NFL 19_20190212153547-frame1772-play.jpg,run,right
417,saved_plays/right/run/Madden NFL 19_20190427232453-frame1761-play.jpg,run,right
418,saved_plays/right/run/Madden NFL 19_20190219182611-frame804-play.jpg,run,right
419,saved_plays/right/run/Madden NFL 19_2019022318461-frame1609-play.jpg,run,right
420,saved_plays/right/run/Madden NFL 19_20190427192343-frame1781-play.jpg,run,right
421,saved_plays/right/run/Madden NFL 19_20190402194140-frame1662-play.jpg,run,right
422,saved_plays/right/run/Madden NFL 19_20190316182803-frame1743-play.jpg,run,right
423,saved_plays/right/run/Madden NFL 19_2019032712293-frame1775-play.jpg,run,right
424,saved_plays/right/run/Madden NFL 19_20190315185020-frame1772-play.jpg,run,right
425,saved_plays/right/run/Madden NFL 19_20190323172950-frame1772-play.jpg,run,right
426,saved_plays/right/run/Madden NFL 19_20190305213650-frame1772-play.jpg,run,right
427,saved_plays/right/run/Madden NFL 19_20190428152756-frame1545-play.jpg,run,right
428,saved_plays/right/run/Madden NFL 19_20190512174419-frame1734-play.jpg,run,right
429,saved_plays/right/run/Madden NFL 19_2019042714222-frame1800-play.jpg,run,right
430,saved_plays/right/run/Madden NFL 19_20190518192000-frame1733-play.jpg,run,right
431,saved_plays/right/run/Madden NFL 19_20190518224111-frame1635-play.jpg,run,right
432,saved_plays/right/fake/Madden NFL 19_20190219101016-frame332-play.jpg,fake,right
433,saved_plays/right/fake/Madden NFL 19_2019032121481-frame1793-play.jpg,fake,right
434,saved_plays/right/fake/Madden NFL 19_20190219100736-frame350-play.jpg,fake,right
435,saved_plays/right/fake/Madden NFL 19_20190309211832-frame1300-play.jpg,fake,right
436,saved_plays/right/fake/Madden NFL 19_20190301190826-frame1778-play.jpg,fake,right
437,saved_plays/right/fake/Madden NFL 19_20190425184719-frame1759-play.jpg,fake,right
438,saved_plays/right/fake/Madden NFL 19_20190420181613-frame1785-play.jpg,fake,right
439,saved_plays/right/fake/Madden NFL 19_20190511204411-frame1743-play.jpg,fake,right
440,saved_plays/right/fake/Madden NFL 19_20190216143659-frame1792-play.jpg,fake,right
441,saved_plays/right/fake/Madden NFL 19_20190309161536-frame1783-play.jpg,fake,right
442,saved_plays/right/fake/Madden NFL 19_20190219184940-frame1769-play.jpg,fake,right
443,saved_plays/right/fake/Madden NFL 19_201902191011-frame342-play.jpg,fake,right
444,saved_plays/right/fake/Madden NFL 19_20190330184503-frame1776-play.jpg,fake,right
445,saved_plays/right/fake/Madden NFL 19_20190316182852-frame1241-play.jpg,fake,right
446,saved_plays/right/fake/Madden NFL 19_20190301203230-frame1757-play.jpg,fake,right
447,saved_plays/right/fake/Madden NFL 19_20190219222215-frame329-play.jpg,fake,right
448,saved_plays/right/fake/Madden NFL 19_20190219095743-frame442-play.jpg,fake,right
449,saved_plays/right/fake/Madden NFL 19_20190223185142-frame1770-play.jpg,fake,right
450,saved_plays/left/pass/Madden NFL 19_20190212130011-frame1489-play.jpg,pass,left
451,saved_plays/left/pass/Madden NFL 19_20190414224336-frame1735-play.jpg,pass,left
452,saved_plays/left/pass/Madden NFL 19_20190430204011-frame1771-play.jpg,pass,left
453,saved_plays/left/pass/Madden NFL 19_20190302181742-frame1745-play.jpg,pass,left
454,saved_plays/left/pass/Madden NFL 19_20190216204858-frame1787-play.jpg,pass,left
455,saved_plays/left/pass/Madden NFL 19_20190215191940-frame1790-play.jpg,pass,left
456,saved_plays/left/pass/Madden NFL 19_20190426191531-frame1796-play.jpg,pass,left
457,saved_plays/left/pass/Madden NFL 19_2019032107182-frame1792-play.jpg,pass,left
458,saved_plays/left/pass/Madden NFL 19_2019031914523-frame1772-play.jpg,pass,left
459,saved_plays/left/pass/Madden NFL 19_20190218195900-frame1791-play.jpg,pass,left
460,saved_plays/left/pass/Madden NFL 19_20190418200819-frame1786-play.jpg,pass,left
461,saved_plays/left/pass/Madden NFL 19_20190216211713-frame1795-play.jpg,pass,left
462,saved_plays/left/pass/Madden NFL 19_20190312192628-frame1791-play.jpg,pass,left
463,saved_plays/left/pass/Madden NFL 19_20190414201349-frame1706-play.jpg,pass,left
464,saved_plays/left/pass/Madden NFL 19_20190328181347-frame1764-play.jpg,pass,left
465,saved_plays/left/pass/Madden NFL 19_20190418200036-frame663-play.jpg,pass,left
466,saved_plays/left/pass/Madden NFL 19_20190319150829-frame1492-play.jpg,pass,left
467,saved_plays/left/pass/Madden NFL 19_20190305122636-frame1740-play.jpg,pass,left
468,saved_plays/left/pass/Madden NFL 19_20190328234531-frame390-play.jpg,pass,left
469,saved_plays/left/pass/Madden NFL 19_20190218193849-frame1793-play.jpg,pass,left
470,saved_plays/left/pass/Madden NFL 19_20190427211127-frame1791-play.jpg,pass,left
471,saved_plays/left/pass/Madden NFL 19_20190223164001-frame1744-play.jpg,pass,left
472,saved_plays/left/pass/Madden NFL 19_20190301183648-frame1545-play.jpg,pass,left
473,saved_plays/left/pass/Madden NFL 19_20190504181610-frame1710-play.jpg,pass,left
474,saved_plays/left/pass/Madden NFL 19_20190427212616-frame1725-play.jpg,pass,left
475,saved_plays/left/pass/Madden NFL 19_20190402235328-frame657-play.jpg,pass,left
476,saved_plays/left/pass/Madden NFL 19_20190321134837-frame1782-play.jpg,pass,left
477,saved_plays/left/pass/Madden NFL 19_20190516181341-frame1692-play.jpg,pass,left
478,saved_plays/left/pass/Madden NFL 19_20190307201643-frame335-play.jpg,pass,left
479,saved_plays/left/pass/Madden NFL 19_20190322223336-frame1775-play.jpg,pass,left
480,saved_plays/left/pass/Madden NFL 19_20190305131117-frame1776-play.jpg,pass,left
481,saved_plays/left/pass/Madden NFL 19_20190218200737-frame1797-play.jpg,pass,left
482,saved_plays/left/pass/Madden NFL 19_20190313104721-frame1766-play.jpg,pass,left
483,saved_plays/left/pass/Madden NFL 19_20190511183601-frame1728-play.jpg,pass,left
484,saved_plays/left/pass/Madden NFL 19_201905121709-frame1766-play.jpg,pass,left
485,saved_plays/left/pass/Madden NFL 19_20190428144710-frame1775-play.jpg,pass,left
486,saved_plays/left/pass/Madden NFL 19_20190219175359-frame1782-play.jpg,pass,left
487,saved_plays/left/pass/Madden NFL 19_20190219174257-frame1194-play.jpg,pass,left
488,saved_plays/left/pass/Madden NFL 19_20190414210033-frame1727-play.jpg,pass,left
489,saved_plays/left/pass/Madden NFL 19_20190321000459-frame1549-play.jpg,pass,left
490,saved_plays/left/pass/Madden NFL 19_20190219153928-frame1791-play.jpg,pass,left
491,saved_plays/left/pass/Madden NFL 19_20190411190945-frame1798-play.jpg,pass,left
492,saved_plays/left/pass/Madden NFL 19_20190430204819-frame1138-play.jpg,pass,left
493,saved_plays/left/pass/Madden NFL 19_20190427185430-frame1776-play.jpg,pass,left
494,saved_plays/left/pass/Madden NFL 19_2019032316383-frame1783-play.jpg,pass,left
495,saved_plays/left/pass/Madden NFL 19_20190518161242-frame1735-play.jpg,pass,left
496,saved_plays/left/pass/Madden NFL 19_2019040712250-frame1778-play.jpg,pass,left
497,saved_plays/left/pass/Madden NFL 19_20190303185717-frame1742-play.jpg,pass,left
498,saved_plays/left/pass/Madden NFL 19_20190424220656-frame1780-play.jpg,pass,left
499,saved_plays/left/pass/Madden NFL 19_20190312175407-frame1668-play.jpg,pass,left
500,saved_plays/left/pass/Madden NFL 19_20190301183957-frame1797-play.jpg,pass,left
501,saved_plays/left/pass/Madden NFL 19_20190218182753-frame1766-play.jpg,pass,left
502,saved_plays/left/pass/Madden NFL 19_20190312190046-frame1753-play.jpg,pass,left
503,saved_plays/left/pass/Madden NFL 19_20190518145419-frame1774-play.jpg,pass,left
504,saved_plays/left/pass/Madden NFL 19_20190414231735-frame1781-play.jpg,pass,left
505,saved_plays/left/pass/Madden NFL 19_20190413231108-frame1741-play.jpg,pass,left
506,saved_plays/left/pass/Madden NFL 19_20190319143350-frame1773-play.jpg,pass,left
507,saved_plays/left/pass/Madden NFL 19_20190215203318-frame1787-play.jpg,pass,left
508,saved_plays/left/pass/Madden NFL 19_20190305224159-frame1779-play.jpg,pass,left
509,saved_plays/left/pass/Madden NFL 19_20190218183433-frame1799-play.jpg,pass,left
510,saved_plays/left/pass/Madden NFL 19_20190424225317-frame1781-play.jpg,pass,left
511,saved_plays/left/pass/Madden NFL 19_20190518162453-frame1354-play.jpg,pass,left
512,saved_plays/left/pass/Madden NFL 19_20190327121107-frame1764-play.jpg,pass,left
513,saved_plays/left/pass/Madden NFL 19_20190408224450-frame1760-play.jpg,pass,left
514,saved_plays/left/pass/Madden NFL 19_20190428150240-frame1741-play.jpg,pass,left
515,saved_plays/left/pass/Madden NFL 19_20190321125131-frame1798-play.jpg,pass,left
516,saved_plays/left/pass/Madden NFL 19_20190411191158-frame1785-play.jpg,pass,left
517,saved_plays/left/pass/Madden NFL 19_20190418202023-frame1779-play.jpg,pass,left
518,saved_plays/left/pass/Madden NFL 19_20190215193303-frame1773-play.jpg,pass,left
519,saved_plays/left/pass/Madden NFL 19_2019031919262-frame1784-play.jpg,pass,left
520,saved_plays/left/pass/Madden NFL 19_20190319185759-frame1783-play.jpg,pass,left
521,saved_plays/left/pass/Madden NFL 19_20190518162618-frame1538-play.jpg,pass,left
522,saved_plays/left/pass/Madden NFL 19_20190328200406-frame442-play.jpg,pass,left
523,saved_plays/left/pass/Madden NFL 19_20190219195041-frame1791-play.jpg,pass,left
524,saved_plays/left/pass/Madden NFL 19_2019030322515-frame1766-play.jpg,pass,left
525,saved_plays/left/pass/Madden NFL 19_20190321072022-frame1776-play.jpg,pass,left
526,saved_plays/left/pass/Madden NFL 19_20190215212333-frame1794-play.jpg,pass,left
527,saved_plays/left/pass/Madden NFL 19_20190423160328-frame1794-play.jpg,pass,left
528,saved_plays/left/pass/Madden NFL 19_20190215180706-frame1792-play.jpg,pass,left
529,saved_plays/left/pass/Madden NFL 19_20190322223615-frame1778-play.jpg,pass,left
530,saved_plays/left/pass/Madden NFL 19_20190218190615-frame1771-play.jpg,pass,left
531,saved_plays/left/pass/Madden NFL 19_20190423161216-frame1622-play.jpg,pass,left
532,saved_plays/left/pass/Madden NFL 19_20190223164442-frame1744-play.jpg,pass,left
533,saved_plays/left/pass/Madden NFL 19_20190316222837-frame1733-play.jpg,pass,left
534,saved_plays/left/pass/Madden NFL 19_20190218172723-frame1782-play.jpg,pass,left
535,saved_plays/left/pass/Madden NFL 19_20190223191122-frame1632-play.jpg,pass,left
536,saved_plays/left/pass/Madden NFL 19_20190327203728-frame1790-play.jpg,pass,left
537,saved_plays/left/pass/Madden NFL 19_20190403075727-frame1790-play.jpg,pass,left
538,saved_plays/left/pass/Madden NFL 19_20190405190539-frame1740-play.jpg,pass,left
539,saved_plays/left/pass/Madden NFL 19_20190424184718-frame1780-play.jpg,pass,left
540,saved_plays/left/pass/Madden NFL 19_20190308194416-frame1729-play.jpg,pass,left
541,saved_plays/left/pass/Madden NFL 19_20190516175542-frame1594-play.jpg,pass,left
542,saved_plays/left/pass/Madden NFL 19_2019021520292-frame1770-play.jpg,pass,left
543,saved_plays/left/pass/Madden NFL 19_20190320235840-frame1785-play.jpg,pass,left
544,saved_plays/left/pass/Madden NFL 19_20190420212153-frame1795-play.jpg,pass,left
545,saved_plays/left/pass/Madden NFL 19_20190216211410-frame1781-play.jpg,pass,left
546,saved_plays/left/pass/Madden NFL 19_20190424184222-frame1744-play.jpg,pass,left
547,saved_plays/left/pass/Madden NFL 19_20190420231859-frame1344-play.jpg,pass,left
548,saved_plays/left/pass/Madden NFL 19_20190328233208-frame341-play.jpg,pass,left
549,saved_plays/left/pass/Madden NFL 19_2019042315383-frame1791-play.jpg,pass,left
550,saved_plays/left/pass/Madden NFL 19_20190430213430-frame1793-play.jpg,pass,left
551,saved_plays/left/pass/Madden NFL 19_20190420231600-frame1799-play.jpg,pass,left
552,saved_plays/left/pass/Madden NFL 19_2019021817253-frame1772-play.jpg,pass,left
553,saved_plays/left/pass/Madden NFL 19_20190418195848-frame1791-play.jpg,pass,left
554,saved_plays/left/pass/Madden NFL 19_20190423161540-frame1800-play.jpg,pass,left
555,saved_plays/left/pass/Madden NFL 19_20190430203207-frame1754-play.jpg,pass,left
556,saved_plays/left/pass/Madden NFL 19_20190407121037-frame1715-play.jpg,pass,left
557,saved_plays/left/pass/Madden NFL 19_20190303225026-frame1795-play.jpg,pass,left
558,saved_plays/left/pass/Madden NFL 19_20190315171013-frame1739-play.jpg,pass,left
559,saved_plays/left/pass/Madden NFL 19_20190518194036-frame1764-play.jpg,pass,left
560,saved_plays/left/pass/Madden NFL 19_20190424171718-frame1789-play.jpg,pass,left
561,saved_plays/left/pass/Madden NFL 19_20190430213258-frame1791-play.jpg,pass,left
562,saved_plays/left/pass/Madden NFL 19_20190313114349-frame1752-play.jpg,pass,left
563,saved_plays/left/pass/Madden NFL 19_20190313114100-frame204-play.jpg,pass,left
564,saved_plays/left/pass/Madden NFL 19_20190424221339-frame1772-play.jpg,pass,left
565,saved_plays/left/pass/Madden NFL 19_20190308173727-frame1778-play.jpg,pass,left
566,saved_plays/left/pass/Madden NFL 19_20190424225958-frame1753-play.jpg,pass,left
567,saved_plays/left/pass/Madden NFL 19_20190319190011-frame1777-play.jpg,pass,left
568,saved_plays/left/pass/Madden NFL 19_20190417160723-frame1747-play.jpg,pass,left
569,saved_plays/left/pass/Madden NFL 19_20190223164627-frame1720-play.jpg,pass,left
570,saved_plays/left/pass/Madden NFL 19_20190518201255-frame1779-play.jpg,pass,left
571,saved_plays/left/pass/Madden NFL 19_20190423141128-frame1728-play.jpg,pass,left
572,saved_plays/left/pass/Madden NFL 19_20190411192246-frame1675-play.jpg,pass,left
573,saved_plays/left/pass/Madden NFL 19_20190424222200-frame1786-play.jpg,pass,left
574,saved_plays/left/pass/Madden NFL 19_20190420231805-frame1748-play.jpg,pass,left
575,saved_plays/left/pass/Madden NFL 19_20190219161132-frame1797-play.jpg,pass,left
576,saved_plays/left/pass/Madden NFL 19_2019021519371-frame1765-play.jpg,pass,left
577,saved_plays/left/pass/Madden NFL 19_20190518162043-frame1791-play.jpg,pass,left
578,saved_plays/left/pass/Madden NFL 19_20190413170346-frame1786-play.jpg,pass,left
579,saved_plays/left/pass/Madden NFL 19_2019040310135-frame1798-play.jpg,pass,left
580,saved_plays/left/pass/Madden NFL 19_20190305193037-frame551-play.jpg,pass,left
581,saved_plays/left/pass/Madden NFL 19_20190518222041-frame610-play.jpg,pass,left
582,saved_plays/left/pass/Madden NFL 19_20190428150017-frame1713-play.jpg,pass,left
583,saved_plays/left/pass/Madden NFL 19_20190403101113-frame1761-play.jpg,pass,left
584,saved_plays/left/pass/Madden NFL 19_20190424170717-frame1793-play.jpg,pass,left
585,saved_plays/left/pass/Madden NFL 19_20190321134433-frame1762-play.jpg,pass,left
586,saved_plays/left/pass/Madden NFL 19_20190428160322-frame1714-play.jpg,pass,left
587,saved_plays/left/pass/Madden NFL 19_20190427220551-frame1786-play.jpg,pass,left
588,saved_plays/left/pass/Madden NFL 19_20190518171337-frame1719-play.jpg,pass,left
589,saved_plays/left/pass/Madden NFL 19_20190428162145-frame1775-play.jpg,pass,left
590,saved_plays/left/pass/Madden NFL 19_20190512171702-frame1761-play.jpg,pass,left
591,saved_plays/left/pass/Madden NFL 19_20190216213123-frame1784-play.jpg,pass,left
592,saved_plays/left/pass/Madden NFL 19_20190312193455-frame1723-play.jpg,pass,left
593,saved_plays/left/pass/Madden NFL 19_20190424190200-frame1115-play.jpg,pass,left
594,saved_plays/left/pass/Madden NFL 19_20190218193309-frame1764-play.jpg,pass,left
595,saved_plays/left/pass/Madden NFL 19_20190305222340-frame1748-play.jpg,pass,left
596,saved_plays/left/pass/Madden NFL 19_20190214191621-frame1050-play.jpg,pass,left
597,saved_plays/left/pass/Madden NFL 19_20190413170435-frame1358-play.jpg,pass,left
598,saved_plays/left/pass/Madden NFL 19_20190427185550-frame1773-play.jpg,pass,left
599,saved_plays/left/pass/Madden NFL 19_20190215192956-frame1719-play.jpg,pass,left
600,saved_plays/left/pass/Madden NFL 19_20190319144036-frame1785-play.jpg,pass,left
601,saved_plays/left/pass/Madden NFL 19_20190402191233-frame1744-play.jpg,pass,left
602,saved_plays/left/pass/Madden NFL 19_2019040521452-frame1798-play.jpg,pass,left
603,saved_plays/left/pass/Madden NFL 19_20190408222703-frame1735-play.jpg,pass,left
604,saved_plays/left/pass/Madden NFL 19_20190218193149-frame1707-play.jpg,pass,left
605,saved_plays/left/pass/Madden NFL 19_20190518222008-frame1789-play.jpg,pass,left
606,saved_plays/left/pass/Madden NFL 19_20190309163336-frame1768-play.jpg,pass,left
607,saved_plays/left/pass/Madden NFL 19_20190416191021-frame1590-play.jpg,pass,left
608,saved_plays/left/pass/Madden NFL 19_20190430202246-frame1763-play.jpg,pass,left
609,saved_plays/left/pass/Madden NFL 19_20190403101445-frame1301-play.jpg,pass,left
610,saved_plays/left/pass/Madden NFL 19_20190402161250-frame1785-play.jpg,pass,left
611,saved_plays/left/pass/Madden NFL 19_20190414205200-frame1794-play.jpg,pass,left
612,saved_plays/left/pass/Madden NFL 19_20190319145810-frame1795-play.jpg,pass,left
613,saved_plays/left/pass/Madden NFL 19_20190426191606-frame681-play.jpg,pass,left
614,saved_plays/left/pass/Madden NFL 19_20190319194422-frame1779-play.jpg,pass,left
615,saved_plays/left/pass/Madden NFL 19_20190424191440-frame1799-play.jpg,pass,left
616,saved_plays/left/pass/Madden NFL 19_20190413170105-frame1780-play.jpg,pass,left
617,saved_plays/left/pass/Madden NFL 19_20190430184246-frame1750-play.jpg,pass,left
618,saved_plays/left/pass/Madden NFL 19_20190305222209-frame1781-play.jpg,pass,left
619,saved_plays/left/pass/Madden NFL 19_20190423161250-frame743-play.jpg,pass,left
620,saved_plays/left/pass/Madden NFL 19_20190309164556-frame1715-play.jpg,pass,left
621,saved_plays/left/pass/Madden NFL 19_20190430204732-frame1758-play.jpg,pass,left
622,saved_plays/left/pass/Madden NFL 19_20190516181418-frame802-play.jpg,pass,left
623,saved_plays/left/pass/Madden NFL 19_20190328232759-frame382-play.jpg,pass,left
624,saved_plays/left/pass/Madden NFL 19_2019042721475-frame1774-play.jpg,pass,left
625,saved_plays/left/pass/Madden NFL 19_20190307200120-frame990-play.jpg,pass,left
626,saved_plays/left/pass/Madden NFL 19_20190402235259-frame1731-play.jpg,pass,left
627,saved_plays/left/pass/Madden NFL 19_20190423145542-frame1725-play.jpg,pass,left
628,saved_plays/left/pass/Madden NFL 19_20190430203745-frame1776-play.jpg,pass,left
629,saved_plays/left/pass/Madden NFL 19_2019040520115-frame1793-play.jpg,pass,left
630,saved_plays/left/pass/Madden NFL 19_20190215191213-frame1782-play.jpg,pass,left
631,saved_plays/left/pass/Madden NFL 19_20190219180836-frame873-play.jpg,pass,left
632,saved_plays/left/pass/Madden NFL 19_20190411224112-frame1778-play.jpg,pass,left
633,saved_plays/left/pass/Madden NFL 19_20190427212143-frame1784-play.jpg,pass,left
634,saved_plays/left/pass/Madden NFL 19_20190430183602-frame1797-play.jpg,pass,left
635,saved_plays/left/pass/Madden NFL 19_20190308194945-frame1647-play.jpg,pass,left
636,saved_plays/left/pass/Madden NFL 19_20190424220955-frame1788-play.jpg,pass,left
637,saved_plays/left/pass/Madden NFL 19_20190328232732-frame1002-play.jpg,pass,left
638,saved_plays/left/pass/Madden NFL 19_20190223170405-frame1776-play.jpg,pass,left
639,saved_plays/left/pass/Madden NFL 19_20190323164210-frame1780-play.jpg,pass,left
640,saved_plays/left/pass/Madden NFL 19_20190428145058-frame1673-play.jpg,pass,left
641,saved_plays/left/pass/Madden NFL 19_20190305131530-frame1759-play.jpg,pass,left
642,saved_plays/left/pass/Madden NFL 19_20190405220925-frame1783-play.jpg,pass,left
643,saved_plays/left/pass/Madden NFL 19_20190321201325-frame1764-play.jpg,pass,left
644,saved_plays/left/pass/Madden NFL 19_20190420212537-frame1397-play.jpg,pass,left
645,saved_plays/left/pass/Madden NFL 19_20190215203526-frame1778-play.jpg,pass,left
646,saved_plays/left/pass/Madden NFL 19_20190420212440-frame1775-play.jpg,pass,left
647,saved_plays/left/pass/Madden NFL 19_20190219174212-frame1758-play.jpg,pass,left
648,saved_plays/left/pass/Madden NFL 19_20190308172911-frame1790-play.jpg,pass,left
649,saved_plays/left/pass/Madden NFL 19_20190427231017-frame1798-play.jpg,pass,left
650,saved_plays/left/pass/Madden NFL 19_20190427225418-frame1779-play.jpg,pass,left
651,saved_plays/left/pass/Madden NFL 19_20190413165218-frame1772-play.jpg,pass,left
652,saved_plays/left/pass/Madden NFL 19_20190411224852-frame1794-play.jpg,pass,left
653,saved_plays/left/pass/Madden NFL 19_2019031622161-frame1781-play.jpg,pass,left
654,saved_plays/left/pass/Madden NFL 19_20190312192741-frame1791-play.jpg,pass,left
655,saved_plays/left/pass/Madden NFL 19_20190319150629-frame1744-play.jpg,pass,left
656,saved_plays/left/pass/Madden NFL 19_20190222180138-frame1789-play.jpg,pass,left
657,saved_plays/left/pass/Madden NFL 19_20190302173307-frame1713-play.jpg,pass,left
658,saved_plays/left/pass/Madden NFL 19_20190303185559-frame1789-play.jpg,pass,left
659,saved_plays/left/pass/Madden NFL 19_20190427224520-frame1788-play.jpg,pass,left
660,saved_plays/left/pass/Madden NFL 19_20190424221513-frame1792-play.jpg,pass,left
661,saved_plays/left/pass/Madden NFL 19_2019050420320-frame1773-play.jpg,pass,left
662,saved_plays/left/pass/Madden NFL 19_20190328233135-frame1767-play.jpg,pass,left
663,saved_plays/left/pass/Madden NFL 19_20190307201023-frame1786-play.jpg,pass,left
664,saved_plays/left/pass/Madden NFL 19_20190408225408-frame1785-play.jpg,pass,left
665,saved_plays/left/pass/Madden NFL 19_20190411191941-frame1746-play.jpg,pass,left
666,saved_plays/left/pass/Madden NFL 19_20190321000012-frame1737-play.jpg,pass,left
667,saved_plays/left/pass/Madden NFL 19_20190301185725-frame815-play.jpg,pass,left
668,saved_plays/left/pass/Madden NFL 19_2019030817325-frame1780-play.jpg,pass,left
669,saved_plays/left/pass/Madden NFL 19_20190416184800-frame1789-play.jpg,pass,left
670,saved_plays/left/pass/Madden NFL 19_20190402164111-frame1768-play.jpg,pass,left
671,saved_plays/left/pass/Madden NFL 19_20190328232319-frame1768-play.jpg,pass,left
672,saved_plays/left/pass/Madden NFL 19_20190418202849-frame1725-play.jpg,pass,left
673,saved_plays/left/pass/Madden NFL 19_20190328200221-frame428-play.jpg,pass,left
674,saved_plays/left/pass/Madden NFL 19_20190511184246-frame1772-play.jpg,pass,left
675,saved_plays/left/pass/Madden NFL 19_20190216200958-frame1783-play.jpg,pass,left
676,saved_plays/left/pass/Madden NFL 19_20190218195503-frame1790-play.jpg,pass,left
677,saved_plays/left/pass/Madden NFL 19_20190405201256-frame1635-play.jpg,pass,left
678,saved_plays/left/pass/Madden NFL 19_20190214191543-frame1796-play.jpg,pass,left
679,saved_plays/left/pass/Madden NFL 19_20190518164346-frame1797-play.jpg,pass,left
680,saved_plays/left/pass/Madden NFL 19_20190402165602-frame1786-play.jpg,pass,left
681,saved_plays/left/pass/Madden NFL 19_20190321135318-frame462-play.jpg,pass,left
682,saved_plays/left/pass/Madden NFL 19_20190516175706-frame1769-play.jpg,pass,left
683,saved_plays/left/pass/Madden NFL 19_20190416193623-frame1774-play.jpg,pass,left
684,saved_plays/left/pass/Madden NFL 19_20190504182909-frame1684-play.jpg,pass,left
685,saved_plays/left/pass/Madden NFL 19_2019051118521-frame1776-play.jpg,pass,left
686,saved_plays/left/pass/Madden NFL 19_20190323202102-frame1772-play.jpg,pass,left
687,saved_plays/left/pass/Madden NFL 19_20190319160133-frame1738-play.jpg,pass,left
688,saved_plays/left/pass/Madden NFL 19_20190413230940-frame1792-play.jpg,pass,left
689,saved_plays/left/pass/Madden NFL 19_20190215213243-frame1792-play.jpg,pass,left
690,saved_plays/left/pass/Madden NFL 19_20190424215525-frame1735-play.jpg,pass,left
691,saved_plays/left/pass/Madden NFL 19_20190301185100-frame1783-play.jpg,pass,left
692,saved_plays/left/pass/Madden NFL 19_20190418204031-frame1781-play.jpg,pass,left
693,saved_plays/left/pass/Madden NFL 19_20190319193653-frame1742-play.jpg,pass,left
694,saved_plays/left/pass/Madden NFL 19_20190213151503-frame1717-play.jpg,pass,left
695,saved_plays/left/pass/Madden NFL 19_20190423161751-frame1786-play.jpg,pass,left
696,saved_plays/left/pass/Madden NFL 19_20190219180803-frame1719-play.jpg,pass,left
697,saved_plays/left/pass/Madden NFL 19_20190411202636-frame1709-play.jpg,pass,left
698,saved_plays/left/pass/Madden NFL 19_20190512165642-frame1690-play.jpg,pass,left
699,saved_plays/left/pass/Madden NFL 19_20190516180246-frame1792-play.jpg,pass,left
700,saved_plays/left/pass/Madden NFL 19_20190305123216-frame1769-play.jpg,pass,left
701,saved_plays/left/pass/Madden NFL 19_20190219172700-frame1791-play.jpg,pass,left
702,saved_plays/left/pass/Madden NFL 19_20190215203756-frame1700-play.jpg,pass,left
703,saved_plays/left/pass/Madden NFL 19_2019032720165-frame1724-play.jpg,pass,left
704,saved_plays/left/pass/Madden NFL 19_20190420233010-frame1767-play.jpg,pass,left
705,saved_plays/left/pass/Madden NFL 19_20190411225310-frame1706-play.jpg,pass,left
706,saved_plays/left/pass/Madden NFL 19_20190215222451-frame1775-play.jpg,pass,left
707,saved_plays/left/pass/Madden NFL 19_20190430185038-frame1763-play.jpg,pass,left
708,saved_plays/left/pass/Madden NFL 19_20190403075528-frame1771-play.jpg,pass,left
709,saved_plays/left/pass/Madden NFL 19_2019033019291-frame1781-play.jpg,pass,left
710,saved_plays/left/pass/Madden NFL 19_20190407122005-frame1744-play.jpg,pass,left
711,saved_plays/left/pass/Madden NFL 19_20190424190710-frame1755-play.jpg,pass,left
712,saved_plays/left/pass/Madden NFL 19_20190219155102-frame1785-play.jpg,pass,left
713,saved_plays/left/pass/Madden NFL 19_20190303151938-frame1734-play.jpg,pass,left
714,saved_plays/left/pass/Madden NFL 19_20190219171800-frame1792-play.jpg,pass,left
715,saved_plays/left/pass/Madden NFL 19_20190327192931-frame1785-play.jpg,pass,left
716,saved_plays/left/pass/Madden NFL 19_20190219180407-frame1790-play.jpg,pass,left
717,saved_plays/left/pass/Madden NFL 19_20190303153843-frame1784-play.jpg,pass,left
718,saved_plays/left/pass/Madden NFL 19_20190323152038-frame1793-play.jpg,pass,left
719,saved_plays/left/pass/Madden NFL 19_20190427224051-frame1791-play.jpg,pass,left
720,saved_plays/left/pass/Madden NFL 19_20190405214848-frame1776-play.jpg,pass,left
721,saved_plays/left/pass/Madden NFL 19_20190428161739-frame1542-play.jpg,pass,left
722,saved_plays/left/pass/Madden NFL 19_20190518164211-frame1743-play.jpg,pass,left
723,saved_plays/left/pass/Madden NFL 19_20190416193103-frame1785-play.jpg,pass,left
724,saved_plays/left/pass/Madden NFL 19_20190518162357-frame1795-play.jpg,pass,left
725,saved_plays/left/pass/Madden NFL 19_2019030916550-frame1795-play.jpg,pass,left
726,saved_plays/left/pass/Madden NFL 19_20190427205240-frame1784-play.jpg,pass,left
727,saved_plays/left/pass/Madden NFL 19_20190518194209-frame1777-play.jpg,pass,left
728,saved_plays/left/pass/Madden NFL 19_20190321195423-frame1733-play.jpg,pass,left
729,saved_plays/left/pass/Madden NFL 19_2019031622463-frame1798-play.jpg,pass,left
730,saved_plays/left/run/Madden NFL 19_20190518194605-frame1782-play.jpg,run,left
731,saved_plays/left/run/Madden NFL 19_20190424184542-frame1790-play.jpg,run,left
732,saved_plays/left/run/Madden NFL 19_20190307195847-frame538-play.jpg,run,left
733,saved_plays/left/run/Madden NFL 19_20190301185449-frame1799-play.jpg,run,left
734,saved_plays/left/run/Madden NFL 19_20190327204406-frame1778-play.jpg,run,left
735,saved_plays/left/run/Madden NFL 19_20190427220700-frame1795-play.jpg,run,left
736,saved_plays/left/run/Madden NFL 19_20190303192049-frame501-play.jpg,run,left
737,saved_plays/left/run/Madden NFL 19_20190518220829-frame1774-play.jpg,run,left
738,saved_plays/left/run/Madden NFL 19_20190411222835-frame1794-play.jpg,run,left
739,saved_plays/left/run/Madden NFL 19_20190418204125-frame1324-play.jpg,run,left
740,saved_plays/left/run/Madden NFL 19_20190427211302-frame1783-play.jpg,run,left
741,saved_plays/left/run/Madden NFL 19_20190223164043-frame1081-play.jpg,run,left
742,saved_plays/left/run/Madden NFL 19_20190302180747-frame1790-play.jpg,run,left
743,saved_plays/left/run/Madden NFL 19_20190307201423-frame563-play.jpg,run,left
744,saved_plays/left/run/Madden NFL 19_2019051816382-frame1781-play.jpg,run,left
745,saved_plays/left/run/Madden NFL 19_20190405191719-frame833-play.jpg,run,left
746,saved_plays/left/run/Madden NFL 19_20190427221232-frame1776-play.jpg,run,left
747,saved_plays/left/run/Madden NFL 19_20190305130223-frame1671-play.jpg,run,left
748,saved_plays/left/run/Madden NFL 19_20190330212343-frame1771-play.jpg,run,left
749,saved_plays/left/run/Madden NFL 19_20190405191643-frame1744-play.jpg,run,left
750,saved_plays/left/run/Madden NFL 19_20190307200247-frame445-play.jpg,run,left
751,saved_plays/left/run/Madden NFL 19_2019021819523-frame1792-play.jpg,run,left
752,saved_plays/left/run/Madden NFL 19_2019022617492-frame1786-play.jpg,run,left
753,saved_plays/left/run/Madden NFL 19_20190411191820-frame1746-play.jpg,run,left
754,saved_plays/left/run/Madden NFL 19_20190321000931-frame593-play.jpg,run,left
755,saved_plays/left/run/Madden NFL 19_20190423154343-frame1767-play.jpg,run,left
756,saved_plays/left/run/Madden NFL 19_20190319170530-frame1751-play.jpg,run,left
757,saved_plays/left/run/Madden NFL 19_2019042021341-frame1742-play.jpg,run,left
758,saved_plays/left/run/Madden NFL 19_20190411223926-frame1694-play.jpg,run,left
759,saved_plays/left/run/Madden NFL 19_20190305223550-frame553-play.jpg,run,left
760,saved_plays/left/run/Madden NFL 19_20190319191840-frame1779-play.jpg,run,left
761,saved_plays/left/run/Madden NFL 19_20190312185711-frame1786-play.jpg,run,left
762,saved_plays/left/run/Madden NFL 19_20190402170206-frame1752-play.jpg,run,left
763,saved_plays/left/run/Madden NFL 19_20190308192417-frame1775-play.jpg,run,left
764,saved_plays/left/run/Madden NFL 19_20190302180059-frame1771-play.jpg,run,left
765,saved_plays/left/run/Madden NFL 19_20190418204835-frame1794-play.jpg,run,left
766,saved_plays/left/run/Madden NFL 19_20190303154137-frame1743-play.jpg,run,left
767,saved_plays/left/run/Madden NFL 19_20190304130746-frame1790-play.jpg,run,left
768,saved_plays/left/run/Madden NFL 19_2019051816512-frame1594-play.jpg,run,left
769,saved_plays/left/run/Madden NFL 19_20190219160626-frame1739-play.jpg,run,left
770,saved_plays/left/run/Madden NFL 19_2019041820000-frame1745-play.jpg,run,left
771,saved_plays/left/run/Madden NFL 19_20190420230531-frame1769-play.jpg,run,left
772,saved_plays/left/run/Madden NFL 19_20190411202703-frame690-play.jpg,run,left
773,saved_plays/left/run/Madden NFL 19_20190512172335-frame1741-play.jpg,run,left
774,saved_plays/left/run/Madden NFL 19_20190420230750-frame1780-play.jpg,run,left
775,saved_plays/left/run/Madden NFL 19_2019032315152-frame1769-play.jpg,run,left
776,saved_plays/left/run/Madden NFL 19_20190518161838-frame1683-play.jpg,run,left
777,saved_plays/left/run/Madden NFL 19_20190427212439-frame1711-play.jpg,run,left
778,saved_plays/left/run/Madden NFL 19_20190420232239-frame1782-play.jpg,run,left
779,saved_plays/left/run/Madden NFL 19_20190427205403-frame1788-play.jpg,run,left
780,saved_plays/left/run/Madden NFL 19_20190423162613-frame1777-play.jpg,run,left
781,saved_plays/left/run/Madden NFL 19_20190430202623-frame1724-play.jpg,run,left
782,saved_plays/left/run/Madden NFL 19_20190402161329-frame923-play.jpg,run,left
783,saved_plays/left/run/Madden NFL 19_20190302200040-frame1772-play.jpg,run,left
784,saved_plays/left/run/Madden NFL 19_2019021520410-frame1754-play.jpg,run,left
785,saved_plays/left/run/Madden NFL 19_2019032220362-frame1795-play.jpg,run,left
786,saved_plays/left/run/Madden NFL 19_20190420210926-frame1741-play.jpg,run,left
787,saved_plays/left/run/Madden NFL 19_20190316213001-frame359-play.jpg,run,left
788,saved_plays/left/run/Madden NFL 19_20190328235036-frame1726-play.jpg,run,left
789,saved_plays/left/run/Madden NFL 19_2019042816271-frame1751-play.jpg,run,left
790,saved_plays/left/run/Madden NFL 19_20190316222937-frame1591-play.jpg,run,left
791,saved_plays/left/run/Madden NFL 19_20190511184841-frame1749-play.jpg,run,left
792,saved_plays/left/run/Madden NFL 19_20190413165900-frame1762-play.jpg,run,left
793,saved_plays/left/run/Madden NFL 19_20190215193046-frame1399-play.jpg,run,left
794,saved_plays/left/run/Madden NFL 19_20190418200610-frame1780-play.jpg,run,left
795,saved_plays/left/run/Madden NFL 19_20190316215105-frame1788-play.jpg,run,left
796,saved_plays/left/run/Madden NFL 19_20190504203310-frame450-play.jpg,run,left
797,saved_plays/left/run/Madden NFL 19_20190319150732-frame1690-play.jpg,run,left
798,saved_plays/left/run/Madden NFL 19_2019041122323-frame1547-play.jpg,run,left
799,saved_plays/left/run/Madden NFL 19_20190424190113-frame1756-play.jpg,run,left
800,saved_plays/left/run/Madden NFL 19_20190302181912-frame1786-play.jpg,run,left
801,saved_plays/left/run/Madden NFL 19_20190327120422-frame1769-play.jpg,run,left
802,saved_plays/left/run/Madden NFL 19_20190302175425-frame1791-play.jpg,run,left
803,saved_plays/left/run/Madden NFL 19_20190302200637-frame1794-play.jpg,run,left
804,saved_plays/left/run/Madden NFL 19_201902221746-frame1460-play.jpg,run,left
805,saved_plays/left/run/Madden NFL 19_2019021521333-frame1460-play.jpg,run,left
806,saved_plays/left/run/Madden NFL 19_20190418203630-frame1711-play.jpg,run,left
807,saved_plays/left/run/Madden NFL 19_20190309165648-frame1780-play.jpg,run,left
808,saved_plays/left/run/Madden NFL 19_20190302193939-frame1703-play.jpg,run,left
809,saved_plays/left/run/Madden NFL 19_20190308194445-frame659-play.jpg,run,left
810,saved_plays/left/run/Madden NFL 19_20190219172447-frame1774-play.jpg,run,left
811,saved_plays/left/run/Madden NFL 19_20190518193848-frame379-play.jpg,run,left
812,saved_plays/left/run/Madden NFL 19_20190330214449-frame1774-play.jpg,run,left
813,saved_plays/left/run/Madden NFL 19_20190411225551-frame1798-play.jpg,run,left
814,saved_plays/left/run/Madden NFL 19_20190321124825-frame1681-play.jpg,run,left
815,saved_plays/left/run/Madden NFL 19_20190215203615-frame1387-play.jpg,run,left
816,saved_plays/left/run/Madden NFL 19_20190402163722-frame1778-play.jpg,run,left
817,saved_plays/left/run/Madden NFL 19_20190215213039-frame696-play.jpg,run,left
818,saved_plays/left/run/Madden NFL 19_20190518164620-frame1781-play.jpg,run,left
819,saved_plays/left/run/Madden NFL 19_20190309164015-frame1715-play.jpg,run,left
820,saved_plays/left/run/Madden NFL 19_20190512171841-frame1798-play.jpg,run,left
821,saved_plays/left/run/Madden NFL 19_20190413231735-frame1746-play.jpg,run,left
822,saved_plays/left/run/Madden NFL 19_20190312190118-frame808-play.jpg,run,left
823,saved_plays/left/run/Madden NFL 19_20190414201958-frame1782-play.jpg,run,left
824,saved_plays/left/run/Madden NFL 19_20190215212643-frame1796-play.jpg,run,left
825,saved_plays/left/run/Madden NFL 19_201904241652-frame1009-play.jpg,run,left
826,saved_plays/left/run/Madden NFL 19_20190214190805-frame1791-play.jpg,run,left
827,saved_plays/left/run/Madden NFL 19_20190428164903-frame1707-play.jpg,run,left
828,saved_plays/left/run/Madden NFL 19_20190305222410-frame817-play.jpg,run,left
829,saved_plays/left/run/Madden NFL 19_20190309163505-frame1776-play.jpg,run,left
830,saved_plays/left/run/Madden NFL 19_20190518195016-frame1772-play.jpg,run,left
831,saved_plays/left/run/Madden NFL 19_20190219164620-frame1773-play.jpg,run,left
832,saved_plays/left/run/Madden NFL 19_20190307200040-frame1793-play.jpg,run,left
833,saved_plays/left/run/Madden NFL 19_20190424165200-frame1787-play.jpg,run,left
834,saved_plays/left/run/Madden NFL 19_20190218185845-frame1784-play.jpg,run,left
835,saved_plays/left/run/Madden NFL 19_20190518161416-frame1787-play.jpg,run,left
836,saved_plays/left/run/Madden NFL 19_20190215192721-frame1710-play.jpg,run,left
837,saved_plays/left/run/Madden NFL 19_20190219160908-frame1796-play.jpg,run,left
838,saved_plays/left/run/Madden NFL 19_20190218183549-frame1776-play.jpg,run,left
839,saved_plays/left/run/Madden NFL 19_2019032112470-frame1772-play.jpg,run,left
840,saved_plays/left/run/Madden NFL 19_20190302182643-frame1737-play.jpg,run,left
841,saved_plays/left/run/Madden NFL 19_20190214192233-frame1781-play.jpg,run,left
842,saved_plays/left/run/Madden NFL 19_20190511190110-frame1753-play.jpg,run,left
843,saved_plays/left/run/Madden NFL 19_20190428150335-frame1364-play.jpg,run,left
844,saved_plays/left/run/Madden NFL 19_20190222205120-frame1764-play.jpg,run,left
845,saved_plays/left/run/Madden NFL 19_20190424221841-frame1789-play.jpg,run,left
846,saved_plays/left/run/Madden NFL 19_20190430215749-frame1787-play.jpg,run,left
847,saved_plays/left/run/Madden NFL 19_20190518194258-frame1149-play.jpg,run,left
848,saved_plays/left/run/Madden NFL 19_20190215212142-frame1774-play.jpg,run,left
849,saved_plays/left/run/Madden NFL 19_20190302174257-frame1758-play.jpg,run,left
850,saved_plays/left/run/Madden NFL 19_20190427230107-frame1757-play.jpg,run,left
851,saved_plays/left/run/Madden NFL 19_20190312120547-frame1799-play.jpg,run,left
852,saved_plays/left/run/Madden NFL 19_20190518202452-frame1756-play.jpg,run,left
853,saved_plays/left/run/Madden NFL 19_20190405214637-frame1791-play.jpg,run,left
854,saved_plays/left/run/Madden NFL 19_2019021819151-frame1603-play.jpg,run,left
855,saved_plays/left/run/Madden NFL 19_20190215203950-frame1784-play.jpg,run,left
856,saved_plays/left/run/Madden NFL 19_20190405191823-frame1698-play.jpg,run,left
857,saved_plays/left/run/Madden NFL 19_20190420225730-frame1751-play.jpg,run,left
858,saved_plays/left/run/Madden NFL 19_20190321000359-frame464-play.jpg,run,left
859,saved_plays/left/run/Madden NFL 19_2019051819382-frame1796-play.jpg,run,left
860,saved_plays/left/run/Madden NFL 19_20190322202647-frame1789-play.jpg,run,left
861,saved_plays/left/fake/Madden NFL 19_20190218184321-frame1775-play.jpg,fake,left
862,saved_plays/left/fake/Madden NFL 19_20190511190340-frame1798-play.jpg,fake,left
863,saved_plays/left/fake/Madden NFL 19_20190219194315-frame1785-play.jpg,fake,left
864,saved_plays/left/fake/Madden NFL 19_20190330190941-frame1778-play.jpg,fake,left
865,saved_plays/left/fake/Madden NFL 19_20190219100847-frame359-play.jpg,fake,left
866,saved_plays/left/fake/Madden NFL 19_20190226201732-frame1792-play.jpg,fake,left
867,saved_plays/left/fake/Madden NFL 19_20190411192516-frame1769-play.jpg,fake,left
868,saved_plays/left/fake/Madden NFL 19_20190420212741-frame1795-play.jpg,fake,left
869,saved_plays/left/fake/Madden NFL 19_20190512002611-frame1753-play.jpg,fake,left
870,saved_plays/left/fake/Madden NFL 19_20190315201730-frame1771-play.jpg,fake,left
871,saved_plays/left/fake/Madden NFL 19_20190218172757-frame908-play.jpg,fake,left
872,saved_plays/left/fake/Madden NFL 19_20190308173448-frame1793-play.jpg,fake,left
873,saved_plays/left/fake/Madden NFL 19_20190518221223-frame1793-play.jpg,fake,left
874,saved_plays/left/fake/Madden NFL 19_20190414202728-frame1787-play.jpg,fake,left
875,saved_plays/left/fake/Madden NFL 19_20190220085552-frame345-play.jpg,fake,left
876,saved_plays/left/fake/Madden NFL 19_20190322204326-frame1797-play.jpg,fake,left
877,saved_plays/left/fake/Madden NFL 19_20190215212540-frame1784-play.jpg,fake,left
